#,"Date Time, GMT-08:00","Temp, °C (LGR S/N: 20546019, SEN S/N: 20546019, LBL: Temperature, -UV)","Intensity, Lux (LGR S/N: 20546019, SEN S/N: 20546019, LBL: Light Intensity, -UV)"
1,2/9/19 16:00,9.571,3100
2,2/9/19 16:30,6.471,2755.6
3,2/9/19 17:00,4.727,1550
4,2/9/19 17:30,3.472,215.3
5,2/9/19 18:00,1.872,0
6,2/9/19 18:30,1.112,0
7,2/9/19 19:00,0.784,0
8,2/9/19 19:30,0.674,0
9,2/9/19 20:00,0.784,0
10,2/9/19 20:30,0.01,0
11,2/9/19 21:00,-0.774,0
12,2/9/19 21:30,-1.228,0
13,2/9/19 22:00,-1.228,0
14,2/9/19 22:30,-1.114,0
15,2/9/19 23:00,-0.887,0
16,2/9/19 23:30,-0.437,0
17,2/10/19 0:00,-0.549,0
18,2/10/19 0:30,-0.662,0
19,2/10/19 1:00,-1.341,0
20,2/10/19 1:30,-1.799,0
21,2/10/19 2:00,-1.914,0
22,2/10/19 2:30,-1.456,0
23,2/10/19 3:00,-1.57,0
24,2/10/19 3:30,-1.341,0
25,2/10/19 4:00,-1.341,0
26,2/10/19 4:30,-1.799,0
27,2/10/19 5:00,-1.341,0
28,2/10/19 5:30,-1.799,0
29,2/10/19 6:00,-1.799,0
30,2/10/19 6:30,-2.261,247.6
31,2/10/19 7:00,-2.03,2497.2
32,2/10/19 7:30,-1.341,3616.7
33,2/10/19 8:00,-0.213,10333.4
34,2/10/19 8:30,0.343,8611.2
35,2/10/19 9:00,0.563,5166.7
36,2/10/19 9:30,1.003,5511.1
37,2/10/19 10:00,2.517,8611.2
38,2/10/19 10:30,14.134,137778.7
39,2/10/19 11:00,21.951,165334.4
40,2/10/19 11:30,26.488,176356.7
41,2/10/19 12:00,29.152,176356.7
42,2/10/19 12:30,30.862,170845.6
43,2/10/19 13:00,30.76,159823.3
44,2/10/19 13:30,29.953,143289.8
45,2/10/19 14:00,27.764,121245.2
46,2/10/19 14:30,27.961,104711.8
47,2/10/19 15:00,22.812,85422.8
48,2/10/19 15:30,16.713,18600.1
49,2/10/19 16:00,11.334,23422.4
50,2/10/19 16:30,8.879,9644.5
51,2/10/19 17:00,6.471,2238.9
52,2/10/19 17:30,5.655,150.7
53,2/10/19 18:00,4.415,0
54,2/10/19 18:30,3.261,0
55,2/10/19 19:00,2.195,0
56,2/10/19 19:30,1.439,0
57,2/10/19 20:00,1.548,0
58,2/10/19 20:30,1.221,0
59,2/10/19 21:00,0.784,0
60,2/10/19 21:30,-0.102,0
61,2/10/19 22:00,-0.887,0
62,2/10/19 22:30,-0.887,0
63,2/10/19 23:00,-1.001,0
64,2/10/19 23:30,-1.228,0
65,2/11/19 0:00,-1.228,0
66,2/11/19 0:30,-1.341,0
67,2/11/19 1:00,-1.57,0
68,2/11/19 1:30,-1.456,0
69,2/11/19 2:00,-1.57,0
70,2/11/19 2:30,-1.684,0
71,2/11/19 3:00,-1.914,0
72,2/11/19 3:30,-2.03,0
73,2/11/19 4:00,-2.145,0
74,2/11/19 4:30,-2.494,0
75,2/11/19 5:00,-2.377,0
76,2/11/19 5:30,-2.61,0
77,2/11/19 6:00,-2.727,0
78,2/11/19 6:30,-2.844,570.5
79,2/11/19 7:00,-2.377,2669.5
80,2/11/19 7:30,-1.684,4650
81,2/11/19 8:00,-0.662,6200
82,2/11/19 8:30,0.232,13777.9
83,2/11/19 9:00,0.343,5166.7
84,2/11/19 9:30,1.112,6200
85,2/11/19 10:00,2.624,8266.7
86,2/11/19 10:30,13.942,165334.4
87,2/11/19 11:00,21.091,176356.7
88,2/11/19 11:30,26.781,176356.7
89,2/11/19 12:00,29.252,176356.7
90,2/11/19 12:30,31.268,176356.7
91,2/11/19 13:00,31.37,165334.4
92,2/11/19 13:30,31.778,148801
93,2/11/19 14:00,30.054,126756.4
94,2/11/19 14:30,28.159,99200.7
95,2/11/19 15:00,26.195,79911.6
96,2/11/19 15:30,21.378,52355.9
97,2/11/19 16:00,9.275,4650
98,2/11/19 16:30,5.347,3444.5
99,2/11/19 17:00,2.837,2152.8
100,2/11/19 17:30,0.674,279.9
101,2/11/19 18:00,-0.774,0
102,2/11/19 18:30,-1.456,0
103,2/11/19 19:00,-1.114,0
104,2/11/19 19:30,-1.914,0
105,2/11/19 20:00,-1.799,0
106,2/11/19 20:30,-1.456,0
107,2/11/19 21:00,-2.377,0
108,2/11/19 21:30,-2.261,0
109,2/11/19 22:00,-2.494,0
110,2/11/19 22:30,-2.145,0
111,2/11/19 23:00,-2.261,0
112,2/11/19 23:30,-2.494,0
113,2/12/19 0:00,-3.079,0
114,2/12/19 0:30,-2.494,0
115,2/12/19 1:00,-2.727,0
116,2/12/19 1:30,-3.434,0
117,2/12/19 2:00,-3.079,0
118,2/12/19 2:30,-3.434,0
119,2/12/19 3:00,-3.911,0
120,2/12/19 3:30,-3.434,0
121,2/12/19 4:00,-3.197,0
122,2/12/19 4:30,-4.152,0
123,2/12/19 5:00,-4.272,0
124,2/12/19 5:30,-5.003,0
125,2/12/19 6:00,-4.514,0
126,2/12/19 6:30,-4.031,839.6
127,2/12/19 7:00,-4.031,5166.7
128,2/12/19 7:30,-2.727,7233.4
129,2/12/19 8:00,-1.228,9644.5
130,2/12/19 8:30,0.232,8266.7
131,2/12/19 8:43,,
132,2/12/19 8:43,,
133,2/12/19 8:44,,
134,2/12/19 9:00,2.73,7577.8
135,2/12/19 9:30,2.195,9300.1
136,2/12/19 10:00,4.623,15844.5
137,2/12/19 10:30,17.475,165334.4
138,2/12/19 11:00,26.683,176356.7
139,2/12/19 11:30,29.853,176356.7
140,2/12/19 12:00,28.357,154312.1
141,2/12/19 12:30,27.272,143289.8
142,2/12/19 13:00,28.456,115734.1
143,2/12/19 13:30,28.853,121245.2
144,2/12/19 14:00,28.258,104711.8
145,2/12/19 14:30,25.125,74400.5
146,2/12/19 15:00,22.908,68889.3
147,2/12/19 15:30,16.903,37200.2
148,2/12/19 16:00,12.787,22044.6
149,2/12/19 16:30,9.472,12400.1
150,2/12/19 17:00,6.573,3961.1
151,2/12/19 17:30,3.893,139.9
152,2/12/19 18:00,2.303,0
153,2/12/19 18:30,1.764,0
154,2/12/19 19:00,1.439,0
155,2/12/19 19:30,0.893,0
156,2/12/19 20:00,1.003,0
157,2/12/19 20:30,1.872,0
158,2/12/19 21:00,1.98,0
159,2/12/19 21:30,1.872,0
160,2/12/19 22:00,1.764,0
161,2/12/19 22:30,1.872,0
162,2/12/19 23:00,2.195,0
163,2/12/19 23:30,2.943,0
164,2/13/19 0:00,2.517,0
165,2/13/19 0:30,2.837,0
166,2/13/19 1:00,2.837,0
167,2/13/19 1:30,2.624,0
168,2/13/19 2:00,2.088,0
169,2/13/19 2:30,1.439,0
170,2/13/19 3:00,1.33,0
171,2/13/19 3:30,2.088,0
172,2/13/19 4:00,2.41,0
173,2/13/19 4:30,2.517,0
174,2/13/19 5:00,1.656,0
175,2/13/19 5:30,1.548,0
176,2/13/19 6:00,1.439,0
177,2/13/19 6:30,0.893,215.3
178,2/13/19 7:00,1.548,5166.7
179,2/13/19 7:30,3.683,12400.1
180,2/13/19 8:00,5.962,23422.4
181,2/13/19 8:30,8.779,33066.9
182,2/13/19 9:00,12.207,52355.9
183,2/13/19 9:30,14.23,49600.3
184,2/13/19 10:00,16.046,49600.3
185,2/13/19 10:30,20.234,85422.8
186,2/13/19 11:00,19.377,52355.9
187,2/13/19 11:30,16.046,42711.4
188,2/13/19 12:00,14.804,30311.3
189,2/13/19 12:30,14.613,44089.2
190,2/13/19 13:00,15.664,30311.3
191,2/13/19 13:30,15.473,35822.5
192,2/13/19 14:00,15.187,35822.5
193,2/13/19 14:30,12.401,24800.2
194,2/13/19 15:00,12.594,24800.2
195,2/13/19 15:30,11.916,12400.1
196,2/13/19 16:00,9.768,5511.1
197,2/13/19 16:30,9.669,10677.8
198,2/13/19 17:00,8.182,3788.9
199,2/13/19 17:30,6.268,118.4
200,2/13/19 18:00,4.831,0
201,2/13/19 18:30,4.102,0
202,2/13/19 19:00,3.893,0
203,2/13/19 19:30,3.472,0
204,2/13/19 20:00,3.683,0
205,2/13/19 20:30,4.311,0
206,2/13/19 21:00,4.519,0
207,2/13/19 21:30,5.037,0
208,2/13/19 22:00,5.141,0
209,2/13/19 22:30,4.934,0
210,2/13/19 23:00,5.244,0
211,2/13/19 23:30,4.311,0
212,2/14/19 0:00,3.472,0
213,2/14/19 0:30,3.472,0
214,2/14/19 1:00,4.311,0
215,2/14/19 1:30,4.831,0
216,2/14/19 2:00,5.347,0
217,2/14/19 2:30,5.552,0
218,2/14/19 3:00,5.552,0
219,2/14/19 3:30,5.347,0
220,2/14/19 4:00,5.347,0
221,2/14/19 4:30,5.244,0
222,2/14/19 5:00,4.934,0
223,2/14/19 5:30,4.831,0
224,2/14/19 6:00,4.727,0
225,2/14/19 6:30,4.831,0
226,2/14/19 7:00,4.727,204.5
227,2/14/19 7:30,4.934,527.4
228,2/14/19 8:00,5.141,979.5
229,2/14/19 8:30,4.831,796.5
230,2/14/19 9:00,4.934,2066.7
231,2/14/19 9:30,5.244,3444.5
232,2/14/19 10:00,5.45,4822.3
233,2/14/19 10:30,5.244,3272.2
234,2/14/19 11:00,5.141,2497.2
235,2/14/19 11:30,5.141,2583.4
236,2/14/19 12:00,5.141,3100
237,2/14/19 12:30,5.655,5166.7
238,2/14/19 13:00,5.655,3788.9
239,2/14/19 13:30,5.757,6200
240,2/14/19 14:00,5.86,5166.7
241,2/14/19 14:30,6.064,3100
242,2/14/19 15:00,6.268,2152.8
243,2/14/19 15:30,6.268,2152.8
244,2/14/19 16:00,6.268,688.9
245,2/14/19 16:30,6.37,1550
246,2/14/19 17:00,6.37,871.9
247,2/14/19 17:30,6.166,43.1
248,2/14/19 18:00,6.064,0
249,2/14/19 18:30,5.962,0
250,2/14/19 19:00,5.347,0
251,2/14/19 19:30,4.311,0
252,2/14/19 20:00,3.893,0
253,2/14/19 20:30,3.788,0
254,2/14/19 21:00,3.367,0
255,2/14/19 21:30,3.367,0
256,2/14/19 22:00,3.155,0
257,2/14/19 22:30,2.837,0
258,2/14/19 23:00,2.73,0
259,2/14/19 23:30,2.303,0
260,2/15/19 0:00,2.73,0
261,2/15/19 0:30,2.41,0
262,2/15/19 1:00,2.088,0
263,2/15/19 1:30,2.088,0
264,2/15/19 2:00,1.439,0
265,2/15/19 2:30,1.764,0
266,2/15/19 3:00,1.764,0
267,2/15/19 3:30,1.656,0
268,2/15/19 4:00,0.784,0
269,2/15/19 4:30,1.003,0
270,2/15/19 5:00,0.784,0
271,2/15/19 5:30,1.003,0
272,2/15/19 6:00,1.003,0
273,2/15/19 6:30,1.33,322.9
274,2/15/19 7:00,1.98,4994.5
275,2/15/19 7:30,3.261,14466.8
276,2/15/19 8:00,4.311,26178
277,2/15/19 8:30,5.552,24800.2
278,2/15/19 9:00,7.079,35822.5
279,2/15/19 9:30,11.236,52355.9
280,2/15/19 10:00,14.996,38578
281,2/15/19 10:30,16.999,88178.4
282,2/15/19 11:00,18.236,88178.4
283,2/15/19 11:30,21.951,82667.2
284,2/15/19 12:00,23.966,165334.4
285,2/15/19 12:30,27.567,132267.5
286,2/15/19 13:00,24.545,79911.6
287,2/15/19 13:30,22.333,71644.9
288,2/15/19 14:00,21.664,60622.6
289,2/15/19 14:30,19.187,55111.5
290,2/15/19 15:00,17.95,66133.8
291,2/15/19 15:30,15.569,34444.7
292,2/15/19 16:00,12.787,26178
293,2/15/19 16:30,11.236,17222.3
294,2/15/19 17:00,7.882,6544.5
295,2/15/19 17:30,5.347,301.4
296,2/15/19 18:00,3.893,0
297,2/15/19 18:30,2.943,0
298,2/15/19 19:00,2.624,0
299,2/15/19 19:30,1.656,0
300,2/15/19 20:00,1.439,0
301,2/15/19 20:30,1.33,0
302,2/15/19 21:00,1.112,0
303,2/15/19 21:30,2.195,0
304,2/15/19 22:00,2.837,0
305,2/15/19 22:30,2.73,0
306,2/15/19 23:00,2.73,0
307,2/15/19 23:30,2.41,0
308,2/16/19 0:00,2.088,0
309,2/16/19 0:30,1.548,0
310,2/16/19 1:00,1.98,0
311,2/16/19 1:30,2.088,0
312,2/16/19 2:00,1.112,0
313,2/16/19 2:30,0.893,0
314,2/16/19 3:00,0.674,0
315,2/16/19 3:30,0.121,0
316,2/16/19 4:00,0.01,0
317,2/16/19 4:30,-0.213,0
318,2/16/19 5:00,-0.437,0
319,2/16/19 5:30,-0.549,0
320,2/16/19 6:00,-0.662,0
321,2/16/19 6:30,-0.662,1097.9
322,2/16/19 7:00,-0.102,2927.8
323,2/16/19 7:30,0.343,4133.4
324,2/16/19 8:00,2.088,13089
325,2/16/19 8:30,1.656,10333.4
326,2/16/19 9:00,1.872,5511.1
327,2/16/19 9:30,2.303,6200
328,2/16/19 10:00,7.481,11022.3
329,2/16/19 10:30,14.996,170845.6
330,2/16/19 11:00,25.513,187379
331,2/16/19 11:30,29.252,187379
332,2/16/19 12:00,31.983,187379
333,2/16/19 12:30,32.704,198401.3
334,2/16/19 13:00,30.356,187379
335,2/16/19 13:30,20.615,187379
336,2/16/19 14:00,29.053,132267.5
337,2/16/19 14:30,27.173,104711.8
338,2/16/19 15:00,24.062,82667.2
339,2/16/19 15:30,20.901,49600.3
340,2/16/19 16:00,10.944,13089
341,2/16/19 16:30,8.978,11022.3
342,2/16/19 17:00,6.674,3961.1
343,2/16/19 17:30,4.623,581.3
344,2/16/19 18:00,3.155,0
345,2/16/19 18:30,2.41,0
346,2/16/19 19:00,1.656,0
347,2/16/19 19:30,1.112,0
348,2/16/19 20:00,0.784,0
349,2/16/19 20:30,0.453,0
350,2/16/19 21:00,0.121,0
351,2/16/19 21:30,0.121,0
352,2/16/19 22:00,0.01,0
353,2/16/19 22:30,-0.102,0
354,2/16/19 23:00,-0.102,0
355,2/16/19 23:30,-0.102,0
356,2/17/19 0:00,-0.213,0
357,2/17/19 0:30,-0.102,0
358,2/17/19 1:00,-0.213,0
359,2/17/19 1:30,-0.102,0
360,2/17/19 2:00,-0.213,0
361,2/17/19 2:30,-0.549,0
362,2/17/19 3:00,-0.437,0
363,2/17/19 3:30,-0.549,0
364,2/17/19 4:00,-0.213,0
365,2/17/19 4:30,-0.662,0
366,2/17/19 5:00,-1.001,0
367,2/17/19 5:30,-1.114,0
368,2/17/19 6:00,-1.341,0
369,2/17/19 6:30,-1.228,1980.6
370,2/17/19 7:00,-0.549,5511.1
371,2/17/19 7:30,-0.213,5166.7
372,2/17/19 8:00,1.872,7577.8
373,2/17/19 8:30,1.33,8611.2
374,2/17/19 9:00,1.221,7233.4
375,2/17/19 9:30,1.548,7577.8
376,2/17/19 10:00,7.179,30311.3
377,2/17/19 10:30,13.846,170845.6
378,2/17/19 11:00,22.525,187379
379,2/17/19 11:30,26.39,209423.6
380,2/17/19 12:00,25.805,231468.2
381,2/17/19 12:30,20.329,82667.2
382,2/17/19 13:00,22.333,198401.3
383,2/17/19 13:30,18.331,77156.1
384,2/17/19 14:00,13.846,34444.7
385,2/17/19 14:30,10.651,20666.8
386,2/17/19 15:00,6.268,7577.8
387,2/17/19 15:30,5.347,15844.5
388,2/17/19 16:00,3.578,1550
389,2/17/19 16:30,2.624,570.5
390,2/17/19 17:00,2.303,1001
391,2/17/19 17:30,1.764,10.8
392,2/17/19 18:00,1.221,0
393,2/17/19 18:30,0.893,0
394,2/17/19 19:00,0.674,0
395,2/17/19 19:30,0.784,0
396,2/17/19 20:00,0.784,0
397,2/17/19 20:30,0.343,0
398,2/17/19 21:00,-0.102,0
399,2/17/19 21:30,-0.437,0
400,2/17/19 22:00,-0.662,0
401,2/17/19 22:30,-0.662,0
402,2/17/19 23:00,-1.001,0
403,2/17/19 23:30,-1.114,0
404,2/18/19 0:00,-1.114,0
405,2/18/19 0:30,-1.228,0
406,2/18/19 1:00,-1.341,0
407,2/18/19 1:30,-1.341,0
408,2/18/19 2:00,-1.456,0
409,2/18/19 2:30,-1.114,0
410,2/18/19 3:00,-1.114,0
411,2/18/19 3:30,-1.001,0
412,2/18/19 4:00,-1.001,0
413,2/18/19 4:30,-0.887,0
414,2/18/19 5:00,-0.774,0
415,2/18/19 5:30,-0.774,0
416,2/18/19 6:00,-0.774,0
417,2/18/19 6:30,-0.887,161.5
418,2/18/19 7:00,-0.549,656.6
419,2/18/19 7:30,-0.437,1463.9
420,2/18/19 8:00,-0.325,2238.9
421,2/18/19 8:30,0.232,5166.7
422,2/18/19 9:00,0.01,4305.6
423,2/18/19 9:30,-0.102,3961.1
424,2/18/19 10:00,0.563,8266.7
425,2/18/19 10:30,1.221,10333.4
426,2/18/19 11:00,3.049,27555.7
427,2/18/19 11:30,5.962,44089.2
428,2/18/19 12:00,7.079,52355.9
429,2/18/19 12:30,14.421,165334.4
430,2/18/19 13:00,20.138,176356.7
431,2/18/19 13:30,23.966,159823.3
432,2/18/19 14:00,23.581,137778.7
433,2/18/19 14:30,21.855,110223
434,2/18/19 15:00,19.853,85422.8
435,2/18/19 15:30,16.332,57867
436,2/18/19 16:00,4.623,3616.7
437,2/18/19 16:30,2.303,3100
438,2/18/19 17:00,1.33,2152.8
439,2/18/19 17:30,0.453,592
440,2/18/19 18:00,0.01,0
441,2/18/19 18:30,-0.102,0
442,2/18/19 19:00,-0.102,0
443,2/18/19 19:30,-0.213,0
444,2/18/19 20:00,-0.437,0
445,2/18/19 20:30,-0.437,0
446,2/18/19 21:00,-0.437,0
447,2/18/19 21:30,-0.887,0
448,2/18/19 22:00,-1.001,0
449,2/18/19 22:30,-1.114,0
450,2/18/19 23:00,-1.001,0
451,2/18/19 23:30,-1.114,0
452,2/19/19 0:00,-1.341,0
453,2/19/19 0:30,-1.341,0
454,2/19/19 1:00,-1.57,0
455,2/19/19 1:30,-1.799,0
456,2/19/19 2:00,-1.799,0
457,2/19/19 2:30,-1.799,0
458,2/19/19 3:00,-1.914,0
459,2/19/19 3:30,-2.145,0
460,2/19/19 4:00,-2.145,0
461,2/19/19 4:30,-2.377,0
462,2/19/19 5:00,-2.494,0
463,2/19/19 5:30,-2.844,0
464,2/19/19 6:00,-2.962,0
465,2/19/19 6:30,-3.079,1356.3
466,2/19/19 7:00,-2.61,3100
467,2/19/19 7:30,-1.799,6200
468,2/19/19 8:00,-0.325,20666.8
469,2/19/19 8:30,-0.437,11022.3
470,2/19/19 9:00,-0.102,6200
471,2/19/19 9:30,0.563,7233.4
472,2/19/19 10:00,7.983,126756.4
473,2/19/19 10:30,7.179,115734.1
474,2/19/19 11:00,15.951,198401.3
475,2/19/19 11:30,18.426,198401.3
476,2/19/19 12:00,20.424,198401.3
477,2/19/19 12:30,20.329,187379
478,2/19/19 13:00,19.853,176356.7
479,2/19/19 13:30,22.525,159823.3
480,2/19/19 14:00,20.615,137778.7
481,2/19/19 14:30,19.758,115734.1
482,2/19/19 15:00,18.14,88178.4
483,2/19/19 15:30,14.804,60622.6
484,2/19/19 16:00,2.624,4305.6
485,2/19/19 16:30,1.112,3444.5
486,2/19/19 17:00,0.343,2411.1
487,2/19/19 17:30,-0.437,710.4
488,2/19/19 18:00,-1.001,0
489,2/19/19 18:30,-0.887,0
490,2/19/19 19:00,-1.001,0
491,2/19/19 19:30,-0.887,0
492,2/19/19 20:00,-1.228,0
493,2/19/19 20:30,-1.001,0
494,2/19/19 21:00,-1.341,0
495,2/19/19 21:30,-2.261,0
496,2/19/19 22:00,-2.844,0
497,2/19/19 22:30,-2.03,0
498,2/19/19 23:00,-2.03,0
499,2/19/19 23:30,-2.962,0
500,2/20/19 0:00,-2.61,0
501,2/20/19 0:30,-1.684,0
502,2/20/19 1:00,-2.261,0
503,2/20/19 1:30,-1.799,0
504,2/20/19 2:00,-1.799,0
505,2/20/19 2:30,-2.844,0
506,2/20/19 3:00,-3.434,0
507,2/20/19 3:30,-3.197,0
508,2/20/19 4:00,-3.672,0
509,2/20/19 4:30,-3.792,0
510,2/20/19 5:00,-3.911,0
511,2/20/19 5:30,-2.844,0
512,2/20/19 6:00,-2.03,0
513,2/20/19 6:30,-1.799,2325
514,2/20/19 7:00,-0.662,9644.5
515,2/20/19 7:30,1.112,23422.4
516,2/20/19 8:00,2.303,22044.6
517,2/20/19 8:30,1.112,8611.2
518,2/20/19 9:00,1.764,10677.8
519,2/20/19 9:30,4.415,38578
520,2/20/19 10:00,9.571,77156.1
521,2/20/19 10:30,12.401,126756.4
522,2/20/19 11:00,12.883,159823.3
523,2/20/19 11:30,19.567,104711.8
524,2/20/19 12:00,13.269,71644.9
525,2/20/19 12:30,17.379,121245.2
526,2/20/19 13:00,12.11,44089.2
527,2/20/19 13:30,7.582,39955.8
528,2/20/19 14:00,7.983,44089.2
529,2/20/19 14:30,11.625,52355.9
530,2/20/19 15:00,15.091,88178.4
531,2/20/19 15:30,9.571,24800.2
532,2/20/19 16:00,5.962,13089
533,2/20/19 16:30,4.831,6200
534,2/20/19 17:00,3.578,1550
535,2/20/19 17:30,2.837,204.5
536,2/20/19 18:00,1.872,0
537,2/20/19 18:30,1.548,0
538,2/20/19 19:00,1.112,0
539,2/20/19 19:30,1.33,0
540,2/20/19 20:00,-0.325,0
541,2/20/19 20:30,0.784,0
542,2/20/19 21:00,0.674,0
543,2/20/19 21:30,-0.325,0
544,2/20/19 22:00,0.563,0
545,2/20/19 22:30,0.674,0
546,2/20/19 23:00,0.453,0
547,2/20/19 23:30,0.232,0
548,2/21/19 0:00,0.563,0
549,2/21/19 0:30,0.784,0
550,2/21/19 1:00,0.784,0
551,2/21/19 1:30,0.784,0
552,2/21/19 2:00,0.893,0
553,2/21/19 2:30,0.893,0
554,2/21/19 3:00,0.893,0
555,2/21/19 3:30,0.893,0
556,2/21/19 4:00,0.893,0
557,2/21/19 4:30,0.893,0
558,2/21/19 5:00,0.893,0
559,2/21/19 5:30,0.893,0
560,2/21/19 6:00,0.893,0
561,2/21/19 6:30,0.893,10.8
562,2/21/19 7:00,0.893,75.3
563,2/21/19 7:30,0.893,301.4
564,2/21/19 8:00,1.003,581.3
565,2/21/19 8:30,1.003,462.9
566,2/21/19 9:00,1.003,656.6
567,2/21/19 9:30,1.112,807.3
568,2/21/19 10:00,1.112,1550
569,2/21/19 10:30,1.221,2066.7
570,2/21/19 11:00,1.548,3616.7
571,2/21/19 11:30,1.33,1722.2
572,2/21/19 12:00,1.439,2669.5
573,2/21/19 12:30,1.439,2411.1
574,2/21/19 13:00,1.548,2411.1
575,2/21/19 13:30,1.872,7233.4
576,2/21/19 14:00,1.872,2927.8
577,2/21/19 14:30,1.872,5511.1
578,2/21/19 15:00,1.98,5511.1
579,2/21/19 15:30,1.98,4133.4
580,2/21/19 16:00,1.439,1808.3
581,2/21/19 16:30,1.221,1377.8
582,2/21/19 17:00,1.112,721.2
583,2/21/19 17:30,0.893,75.3
584,2/21/19 18:00,0.893,0
585,2/21/19 18:30,0.893,0
586,2/21/19 19:00,0.893,0
587,2/21/19 19:30,0.893,0
588,2/21/19 20:00,0.893,0
589,2/21/19 20:30,0.893,0
590,2/21/19 21:00,0.784,0
591,2/21/19 21:30,0.784,0
592,2/21/19 22:00,0.563,0
593,2/21/19 22:30,0.121,0
594,2/21/19 23:00,0.01,0
595,2/21/19 23:30,0.232,0
596,2/22/19 0:00,0.453,0
597,2/22/19 0:30,0.453,0
598,2/22/19 1:00,0.343,0
599,2/22/19 1:30,0.453,0
600,2/22/19 2:00,0.563,0
601,2/22/19 2:30,0.563,0
602,2/22/19 3:00,0.563,0
603,2/22/19 3:30,0.563,0
604,2/22/19 4:00,0.453,0
605,2/22/19 4:30,0.343,0
606,2/22/19 5:00,0.343,0
607,2/22/19 5:30,0.343,0
608,2/22/19 6:00,0.343,0
609,2/22/19 6:30,0.343,129.2
610,2/22/19 7:00,0.232,1205.6
611,2/22/19 7:30,0.343,1463.9
612,2/22/19 8:00,0.343,1119.5
613,2/22/19 8:30,0.232,861.1
614,2/22/19 9:00,0.343,5338.9
615,2/22/19 9:30,0.674,1808.3
616,2/22/19 10:00,1.33,10677.8
617,2/22/19 10:30,2.517,11711.2
618,2/22/19 11:00,3.367,17222.3
619,2/22/19 11:30,4.207,20666.8
620,2/22/19 12:00,4.934,22044.6
621,2/22/19 12:30,5.347,26178
622,2/22/19 13:00,5.552,27555.7
623,2/22/19 13:30,5.757,28933.5
624,2/22/19 14:00,5.962,30311.3
625,2/22/19 14:30,5.86,30311.3
626,2/22/19 15:00,5.552,27555.7
627,2/22/19 15:30,5.037,23422.4
628,2/22/19 16:00,2.195,1377.8
629,2/22/19 16:30,1.764,1173.3
630,2/22/19 17:00,1.221,828.8
631,2/22/19 17:30,0.01,301.4
632,2/22/19 18:00,-0.887,0
633,2/22/19 18:30,-0.887,0
634,2/22/19 19:00,-1.001,0
635,2/22/19 19:30,-1.001,0
636,2/22/19 20:00,-1.228,0
637,2/22/19 20:30,-1.228,0
638,2/22/19 21:00,-1.228,0
639,2/22/19 21:30,-1.228,0
640,2/22/19 22:00,-1.228,0
641,2/22/19 22:30,-1.341,0
642,2/22/19 23:00,-1.341,0
643,2/22/19 23:30,-1.341,0
644,2/23/19 0:00,-1.456,0
645,2/23/19 0:30,-1.57,0
646,2/23/19 1:00,-1.57,0
647,2/23/19 1:30,-1.57,0
648,2/23/19 2:00,-1.799,0
649,2/23/19 2:30,-2.03,0
650,2/23/19 3:00,-1.799,0
651,2/23/19 3:30,-1.799,0
652,2/23/19 4:00,-1.684,0
653,2/23/19 4:30,-1.684,0
654,2/23/19 5:00,-1.799,0
655,2/23/19 5:30,-1.684,0
656,2/23/19 6:00,-1.684,0
657,2/23/19 6:30,-1.684,710.4
658,2/23/19 7:00,-1.684,1463.9
659,2/23/19 7:30,-1.456,2152.8
660,2/23/19 8:00,-0.774,4133.4
661,2/23/19 8:30,-0.887,2669.5
662,2/23/19 9:00,0.784,28933.5
663,2/23/19 9:30,0.453,4822.3
664,2/23/19 10:00,3.049,49600.3
665,2/23/19 10:30,5.347,28933.5
666,2/23/19 11:00,8.581,74400.5
667,2/23/19 11:30,11.819,88178.4
668,2/23/19 12:00,14.134,99200.7
669,2/23/19 12:30,17.189,121245.2
670,2/23/19 13:00,24.448,187379
671,2/23/19 13:30,26,165334.4
672,2/23/19 14:00,26.781,143289.8
673,2/23/19 14:30,25.513,115734.1
674,2/23/19 15:00,23.196,88178.4
675,2/23/19 15:30,20.901,60622.6
676,2/23/19 16:00,7.582,3961.1
677,2/23/19 16:30,5.037,4477.8
678,2/23/19 17:00,3.998,2411.1
679,2/23/19 17:30,1.98,527.4
680,2/23/19 18:00,1.439,0
681,2/23/19 18:30,0.784,0
682,2/23/19 19:00,0.674,0
683,2/23/19 19:30,0.01,0
684,2/23/19 20:00,0.01,0
685,2/23/19 20:30,-0.213,0
686,2/23/19 21:00,-0.774,0
687,2/23/19 21:30,-1.001,0
688,2/23/19 22:00,-0.887,0
689,2/23/19 22:30,-0.887,0
690,2/23/19 23:00,-1.114,0
691,2/23/19 23:30,-1.001,0
692,2/24/19 0:00,-0.887,0
693,2/24/19 0:30,-0.887,0
694,2/24/19 1:00,-1.001,0
695,2/24/19 1:30,-1.114,0
696,2/24/19 2:00,-1.228,0
697,2/24/19 2:30,-1.341,0
698,2/24/19 3:00,-1.001,0
699,2/24/19 3:30,-0.887,0
700,2/24/19 4:00,-0.325,0
701,2/24/19 4:30,0.01,0
702,2/24/19 5:00,-0.102,0
703,2/24/19 5:30,-0.102,0
704,2/24/19 6:00,-0.102,10.8
705,2/24/19 6:30,0.01,2238.9
706,2/24/19 7:00,1.33,11022.3
707,2/24/19 7:30,2.624,19289
708,2/24/19 8:00,3.578,24800.2
709,2/24/19 8:30,4.831,28933.5
710,2/24/19 9:00,8.481,88178.4
711,2/24/19 9:30,6.775,23422.4
712,2/24/19 10:00,12.304,143289.8
713,2/24/19 10:30,13.846,23422.4
714,2/24/19 11:00,23.292,187379
715,2/24/19 11:30,29.552,198401.3
716,2/24/19 12:00,31.88,198401.3
717,2/24/19 12:30,31.778,187379
718,2/24/19 13:00,31.88,176356.7
719,2/24/19 13:30,32.394,159823.3
720,2/24/19 14:00,31.88,137778.7
721,2/24/19 14:30,29.752,110223
722,2/24/19 15:00,27.961,85422.8
723,2/24/19 15:30,25.61,57867
724,2/24/19 16:00,11.722,3444.5
725,2/24/19 16:30,8.481,2927.8
726,2/24/19 17:00,6.674,2497.2
727,2/24/19 17:30,4.934,742.7
728,2/24/19 18:00,3.683,0
729,2/24/19 18:30,2.943,0
730,2/24/19 19:00,2.517,0
731,2/24/19 19:30,2.195,0
732,2/24/19 20:00,1.872,0
733,2/24/19 20:30,1.872,0
734,2/24/19 21:00,1.548,0
735,2/24/19 21:30,1.33,0
736,2/24/19 22:00,1.112,0
737,2/24/19 22:30,0.563,0
738,2/24/19 23:00,0.343,0
739,2/24/19 23:30,0.563,0
740,2/25/19 0:00,0.784,0
741,2/25/19 0:30,0.563,0
742,2/25/19 1:00,-0.102,0
743,2/25/19 1:30,0.563,0
744,2/25/19 2:00,-0.213,0
745,2/25/19 2:30,0.343,0
746,2/25/19 3:00,0.121,0
747,2/25/19 3:30,0.893,0
748,2/25/19 4:00,0.674,0
749,2/25/19 4:30,0.784,0
750,2/25/19 5:00,0.343,0
751,2/25/19 5:30,0.563,0
752,2/25/19 6:00,1.112,21.5
753,2/25/19 6:30,1.33,1894.5
754,2/25/19 7:00,2.41,10677.8
755,2/25/19 7:30,3.998,24800.2
756,2/25/19 8:00,5.655,19977.9
757,2/25/19 8:30,5.962,12400.1
758,2/25/19 9:00,9.965,93689.5
759,2/25/19 9:30,9.373,15155.7
760,2/25/19 10:00,16.237,165334.4
761,2/25/19 10:30,19.472,22044.6
762,2/25/19 11:00,27.862,187379
763,2/25/19 11:30,32.807,198401.3
764,2/25/19 12:00,34.479,198401.3
765,2/25/19 12:30,35.542,187379
766,2/25/19 13:00,35.864,176356.7
767,2/25/19 13:30,34.691,159823.3
768,2/25/19 14:00,34.479,137778.7
769,2/25/19 14:30,32.086,110223
770,2/25/19 15:00,29.953,85422.8
771,2/25/19 15:30,26.585,57867
772,2/25/19 16:00,13.654,3961.1
773,2/25/19 16:30,10.357,3272.2
774,2/25/19 17:00,8.581,2411.1
775,2/25/19 17:30,6.775,925.7
776,2/25/19 18:00,5.45,0
777,2/25/19 18:30,4.311,0
778,2/25/19 19:00,3.788,0
779,2/25/19 19:30,3.472,0
780,2/25/19 20:00,2.837,0
781,2/25/19 20:30,2.41,0
782,2/25/19 21:00,2.517,0
783,2/25/19 21:30,2.195,0
784,2/25/19 22:00,2.624,0
785,2/25/19 22:30,2.73,0
786,2/25/19 23:00,2.517,0
787,2/25/19 23:30,2.41,0
788,2/26/19 0:00,2.303,0
789,2/26/19 0:30,2.195,0
790,2/26/19 1:00,1.221,0
791,2/26/19 1:30,1.33,0
792,2/26/19 2:00,0.893,0
793,2/26/19 2:30,1.003,0
794,2/26/19 3:00,0.784,0
795,2/26/19 3:30,0.674,0
796,2/26/19 4:00,0.343,0
797,2/26/19 4:30,-0.213,0
798,2/26/19 5:00,-0.213,0
799,2/26/19 5:30,0.01,0
800,2/26/19 6:00,0.232,43.1
801,2/26/19 6:30,0.563,1722.2
802,2/26/19 7:00,0.453,3272.2
803,2/26/19 7:30,1.112,4650
804,2/26/19 8:00,4.207,22044.6
805,2/26/19 8:30,4.207,9644.5
806,2/26/19 9:00,7.179,14466.8
807,2/26/19 9:30,9.472,18600.1
808,2/26/19 10:00,15.091,126756.4
809,2/26/19 10:30,18.331,74400.5
810,2/26/19 11:00,22.142,99200.7
811,2/26/19 11:30,32.188,187379
812,2/26/19 12:00,32.704,170845.6
813,2/26/19 12:30,29.853,121245.2
814,2/26/19 13:00,29.252,82667.2
815,2/26/19 13:30,23.966,85422.8
816,2/26/19 14:00,21.664,57867
817,2/26/19 14:30,19.187,46844.8
818,2/26/19 15:00,20.901,57867
819,2/26/19 15:30,21.378,26178
820,2/26/19 16:00,16.141,13777.9
821,2/26/19 16:30,12.304,12400.1
822,2/26/19 17:00,10.259,6200
823,2/26/19 17:30,8.282,1097.9
824,2/26/19 18:00,6.37,0
825,2/26/19 18:30,6.064,0
826,2/26/19 19:00,5.962,0
827,2/26/19 19:30,5.037,0
828,2/26/19 20:00,5.757,0
829,2/26/19 20:30,5.962,0
830,2/26/19 21:00,5.45,0
831,2/26/19 21:30,5.244,0
832,2/26/19 22:00,4.623,0
833,2/26/19 22:30,4.934,0
834,2/26/19 23:00,4.311,0
835,2/26/19 23:30,4.207,0
836,2/27/19 0:00,3.261,0
837,2/27/19 0:30,3.788,0
838,2/27/19 1:00,2.73,0
839,2/27/19 1:30,2.73,0
840,2/27/19 2:00,2.303,0
841,2/27/19 2:30,1.872,0
842,2/27/19 3:00,1.656,0
843,2/27/19 3:30,1.112,0
844,2/27/19 4:00,1.221,0
845,2/27/19 4:30,0.453,0
846,2/27/19 5:00,0.01,0
847,2/27/19 5:30,0.232,0
848,2/27/19 6:00,-0.102,21.5
849,2/27/19 6:30,-0.102,1377.8
850,2/27/19 7:00,0.453,3100
851,2/27/19 7:30,1.548,5166.7
852,2/27/19 8:00,5.037,22044.6
853,2/27/19 8:30,5.962,8611.2
854,2/27/19 9:00,7.882,21355.7
855,2/27/19 9:30,10.259,8266.7
856,2/27/19 10:00,16.046,159823.3
857,2/27/19 10:30,22.812,16533.4
858,2/27/19 11:00,28.555,187379
859,2/27/19 11:30,35.009,198401.3
860,2/27/19 12:00,38.046,198401.3
861,2/27/19 12:30,37.714,187379
862,2/27/19 13:00,38.379,176356.7
863,2/27/19 13:30,38.268,159823.3
864,2/27/19 14:00,37.274,137778.7
865,2/27/19 14:30,35.115,115734.1
866,2/27/19 15:00,32.291,85422.8
867,2/27/19 15:30,29.352,60622.6
868,2/27/19 16:00,17.57,3788.9
869,2/27/19 16:30,13.173,3444.5
870,2/27/19 17:00,11.236,2755.6
871,2/27/19 17:30,9.373,1130.2
872,2/27/19 18:00,8.182,0
873,2/27/19 18:30,7.682,0
874,2/27/19 19:00,6.674,0
875,2/27/19 19:30,5.86,0
876,2/27/19 20:00,5.86,0
877,2/27/19 20:30,5.757,0
878,2/27/19 21:00,5.347,0
879,2/27/19 21:30,4.207,0
880,2/27/19 22:00,4.519,0
881,2/27/19 22:30,4.831,0
882,2/27/19 23:00,4.934,0
883,2/27/19 23:30,4.831,0
884,2/28/19 0:00,4.727,0
885,2/28/19 0:30,5.552,0
886,2/28/19 1:00,4.519,0
887,2/28/19 1:30,4.207,0
888,2/28/19 2:00,4.207,0
889,2/28/19 2:30,4.934,0
890,2/28/19 3:00,5.45,0
891,2/28/19 3:30,5.244,0
892,2/28/19 4:00,5.655,0
893,2/28/19 4:30,4.727,0
894,2/28/19 5:00,5.655,0
895,2/28/19 5:30,4.934,0
896,2/28/19 6:00,3.578,86.1
897,2/28/19 6:30,3.472,1894.5
898,2/28/19 7:00,4.207,3444.5
899,2/28/19 7:30,4.831,6200
900,2/28/19 8:00,8.581,24800.2
901,2/28/19 8:30,9.275,15844.5
902,2/28/19 9:00,10.944,13089
903,2/28/19 9:30,12.883,8611.2
904,2/28/19 10:00,17.475,159823.3
905,2/28/19 10:30,24.062,20666.8
906,2/28/19 11:00,29.652,187379
907,2/28/19 11:30,34.691,198401.3
908,2/28/19 12:00,36.187,187379
909,2/28/19 12:30,36.403,187379
910,2/28/19 13:00,35.756,176356.7
911,2/28/19 13:30,37.055,159823.3
912,2/28/19 14:00,36.511,137778.7
913,2/28/19 14:30,34.691,115734.1
914,2/28/19 15:00,32.188,88178.4
915,2/28/19 15:30,29.953,55111.5
916,2/28/19 16:00,18.236,4994.5
917,2/28/19 16:30,13.75,3272.2
918,2/28/19 17:00,11.819,2583.4
919,2/28/19 17:30,10.063,775
920,2/28/19 18:00,8.68,0
921,2/28/19 18:30,7.983,0
922,2/28/19 19:00,7.481,0
923,2/28/19 19:30,7.381,0
924,2/28/19 20:00,6.877,0
925,2/28/19 20:30,6.978,0
926,2/28/19 21:00,7.28,0
927,2/28/19 21:30,6.166,0
928,2/28/19 22:00,6.064,0
929,2/28/19 22:30,5.347,0
930,2/28/19 23:00,4.934,0
931,2/28/19 23:30,4.934,0
932,3/1/19 0:00,4.311,0
933,3/1/19 0:30,3.788,0
934,3/1/19 1:00,3.893,0
935,3/1/19 1:30,5.655,0
936,3/1/19 2:00,7.079,0
937,3/1/19 2:30,7.481,0
938,3/1/19 3:00,7.481,0
939,3/1/19 3:30,6.877,0
940,3/1/19 4:00,6.978,0
941,3/1/19 4:30,7.179,0
942,3/1/19 5:00,7.28,0
943,3/1/19 5:30,7.179,0
944,3/1/19 6:00,7.481,107.6
945,3/1/19 6:30,7.28,3272.2
946,3/1/19 7:00,6.775,6544.5
947,3/1/19 7:30,7.882,6200
948,3/1/19 8:00,13.269,30311.3
949,3/1/19 8:30,15.569,46844.8
950,3/1/19 9:00,18.521,55111.5
951,3/1/19 9:30,20.043,52355.9
952,3/1/19 10:00,22.812,104711.8
953,3/1/19 10:30,28.159,68889.3
954,3/1/19 11:00,30.054,220445.9
955,3/1/19 11:30,37.604,198401.3
956,3/1/19 12:00,37.494,187379
957,3/1/19 12:30,34.479,176356.7
958,3/1/19 13:00,34.058,159823.3
959,3/1/19 13:30,35.756,126756.4
960,3/1/19 14:00,32.807,93689.5
961,3/1/19 14:30,25.416,55111.5
962,3/1/19 15:00,24.351,66133.8
963,3/1/19 15:30,22.525,39955.8
964,3/1/19 16:00,20.234,27555.7
965,3/1/19 16:30,17.76,17911.2
966,3/1/19 17:00,14.996,9300.1
967,3/1/19 17:30,11.916,1162.5
968,3/1/19 18:00,10.651,0
969,3/1/19 18:30,9.965,0
970,3/1/19 19:00,10.063,0
971,3/1/19 19:30,9.472,0
972,3/1/19 20:00,9.472,0
973,3/1/19 20:30,9.176,0
974,3/1/19 21:00,9.275,0
975,3/1/19 21:30,8.68,0
976,3/1/19 22:00,9.472,0
977,3/1/19 22:30,9.077,0
978,3/1/19 23:00,9.472,0
979,3/1/19 23:30,9.275,0
980,3/2/19 0:00,9.571,0
981,3/2/19 0:30,9.669,0
982,3/2/19 1:00,9.571,0
983,3/2/19 1:30,9.176,0
984,3/2/19 2:00,8.382,0
985,3/2/19 2:30,8.382,0
986,3/2/19 3:00,8.978,0
987,3/2/19 3:30,8.779,0
988,3/2/19 4:00,9.176,0
989,3/2/19 4:30,9.571,0
990,3/2/19 5:00,8.68,0
991,3/2/19 5:30,7.682,0
992,3/2/19 6:00,7.882,43.1
993,3/2/19 6:30,7.983,796.5
994,3/2/19 7:00,8.282,5166.7
995,3/2/19 7:30,9.965,13089
996,3/2/19 8:00,11.722,20666.8
997,3/2/19 8:30,13.173,9644.5
998,3/2/19 9:00,15.187,99200.7
999,3/2/19 9:30,18.521,20666.8
1000,3/2/19 10:00,19.092,57867
1001,3/2/19 10:30,26.879,26178
1002,3/2/19 11:00,28.953,220445.9
1003,3/2/19 11:30,35.222,198401.3
1004,3/2/19 12:00,40.992,231468.2
1005,3/2/19 12:30,40.3,187379
1006,3/2/19 13:00,39.163,176356.7
1007,3/2/19 13:30,36.62,104711.8
1008,3/2/19 14:00,24.448,176356.7
1009,3/2/19 14:30,27.075,143289.8
1010,3/2/19 15:00,27.862,115734.1
1011,3/2/19 15:30,29.953,71644.9
1012,3/2/19 16:00,20.805,3788.9
1013,3/2/19 16:30,14.134,2927.8
1014,3/2/19 17:00,12.594,2325
1015,3/2/19 17:30,11.334,1237.9
1016,3/2/19 18:00,9.866,0
1017,3/2/19 18:30,9.373,0
1018,3/2/19 19:00,9.373,0
1019,3/2/19 19:30,8.978,0
1020,3/2/19 20:00,8.68,0
1021,3/2/19 20:30,8.68,0
1022,3/2/19 21:00,8.382,0
1023,3/2/19 21:30,8.182,0
1024,3/2/19 22:00,8.082,0
1025,3/2/19 22:30,7.782,0
1026,3/2/19 23:00,7.582,0
1027,3/2/19 23:30,7.28,0
1028,3/3/19 0:00,7.481,0
1029,3/3/19 0:30,7.582,0
1030,3/3/19 1:00,7.481,0
1031,3/3/19 1:30,7.079,0
1032,3/3/19 2:00,7.079,0
1033,3/3/19 2:30,6.674,0
1034,3/3/19 3:00,6.573,0
1035,3/3/19 3:30,6.674,0
1036,3/3/19 4:00,6.268,0
1037,3/3/19 4:30,5.86,0
1038,3/3/19 5:00,5.141,0
1039,3/3/19 5:30,5.037,0
1040,3/3/19 6:00,4.102,226
1041,3/3/19 6:30,4.207,2238.9
1042,3/3/19 7:00,5.552,3616.7
1043,3/3/19 7:30,7.179,4477.8
1044,3/3/19 8:00,10.651,7233.4
1045,3/3/19 8:30,10.063,6544.5
1046,3/3/19 9:00,15.091,60622.6
1047,3/3/19 9:30,20.138,14466.8
1048,3/3/19 10:00,18.331,115734.1
1049,3/3/19 10:30,28.953,77156.1
1050,3/3/19 11:00,33.118,198401.3
1051,3/3/19 11:30,35.971,209423.6
1052,3/3/19 12:00,37.714,198401.3
1053,3/3/19 12:30,39.05,198401.3
1054,3/3/19 13:00,39.843,187379
1055,3/3/19 13:30,40.071,170845.6
1056,3/3/19 14:00,40.185,148801
1057,3/3/19 14:30,38.602,121245.2
1058,3/3/19 15:00,34.691,88178.4
1059,3/3/19 15:30,30.76,71644.9
1060,3/3/19 16:00,25.902,8611.2
1061,3/3/19 16:30,17.094,9644.5
1062,3/3/19 17:00,14.134,5511.1
1063,3/3/19 17:30,12.207,1894.5
1064,3/3/19 18:00,10.455,0
1065,3/3/19 18:30,9.472,0
1066,3/3/19 19:00,8.581,0
1067,3/3/19 19:30,7.882,0
1068,3/3/19 20:00,8.581,0
1069,3/3/19 20:30,7.882,0
1070,3/3/19 21:00,7.381,0
1071,3/3/19 21:30,7.882,0
1072,3/3/19 22:00,7.179,0
1073,3/3/19 22:30,6.674,0
1074,3/3/19 23:00,7.28,0
1075,3/3/19 23:30,6.471,0
1076,3/4/19 0:00,6.166,0
1077,3/4/19 0:30,6.064,0
1078,3/4/19 1:00,5.86,0
1079,3/4/19 1:30,5.86,0
1080,3/4/19 2:00,5.655,0
1081,3/4/19 2:30,5.86,0
1082,3/4/19 3:00,5.655,0
1083,3/4/19 3:30,5.757,0
1084,3/4/19 4:00,5.552,0
1085,3/4/19 4:30,5.141,0
1086,3/4/19 5:00,4.727,0
1087,3/4/19 5:30,4.311,0
1088,3/4/19 6:00,3.998,269.1
1089,3/4/19 6:30,4.415,2411.1
1090,3/4/19 7:00,5.244,3788.9
1091,3/4/19 7:30,5.962,4822.3
1092,3/4/19 8:00,11.236,15844.5
1093,3/4/19 8:30,9.965,16533.4
1094,3/4/19 9:00,14.996,30311.3
1095,3/4/19 9:30,24.255,63378.2
1096,3/4/19 10:00,20.329,22044.6
1097,3/4/19 10:30,33.014,137778.7
1098,3/4/19 11:00,37.824,198401.3
1099,3/4/19 11:30,42.401,209423.6
1100,3/4/19 12:00,44.211,209423.6
1101,3/4/19 12:30,44.334,198401.3
1102,3/4/19 13:00,44.211,187379
1103,3/4/19 13:30,45.577,170845.6
1104,3/4/19 14:00,44.211,148801
1105,3/4/19 14:30,41.81,126756.4
1106,3/4/19 15:00,37.935,93689.5
1107,3/4/19 15:30,36.837,71644.9
1108,3/4/19 16:00,30.76,11022.3
1109,3/4/19 16:30,16.427,3272.2
1110,3/4/19 17:00,13.461,2583.4
1111,3/4/19 17:30,11.041,1377.8
1112,3/4/19 18:00,8.879,0
1113,3/4/19 18:30,7.381,0
1114,3/4/19 19:00,6.573,0
1115,3/4/19 19:30,6.573,0
1116,3/4/19 20:00,5.45,0
1117,3/4/19 20:30,6.166,0
1118,3/4/19 21:00,5.757,0
1119,3/4/19 21:30,5.037,0
1120,3/4/19 22:00,4.415,0
1121,3/4/19 22:30,3.998,0
1122,3/4/19 23:00,4.311,0
1123,3/4/19 23:30,3.998,0
1124,3/5/19 0:00,3.155,0
1125,3/5/19 0:30,2.837,0
1126,3/5/19 1:00,2.41,0
1127,3/5/19 1:30,2.517,0
1128,3/5/19 2:00,2.624,0
1129,3/5/19 2:30,2.624,0
1130,3/5/19 3:00,2.73,0
1131,3/5/19 3:30,2.303,0
1132,3/5/19 4:00,1.98,0
1133,3/5/19 4:30,2.517,0
1134,3/5/19 5:00,2.303,0
1135,3/5/19 5:30,2.195,0
1136,3/5/19 6:00,2.624,1022.6
1137,3/5/19 6:30,3.472,5166.7
1138,3/5/19 7:00,6.37,11022.3
1139,3/5/19 7:30,8.182,19977.9
1140,3/5/19 8:00,12.98,37200.2
1141,3/5/19 8:30,13.942,35822.5
1142,3/5/19 9:00,17.379,41333.6
1143,3/5/19 9:30,27.961,77156.1
1144,3/5/19 10:00,25.61,85422.8
1145,3/5/19 10:30,35.222,165334.4
1146,3/5/19 11:00,38.826,198401.3
1147,3/5/19 11:30,43.723,198401.3
1148,3/5/19 12:00,45.452,198401.3
1149,3/5/19 12:30,47.368,187379
1150,3/5/19 13:00,47.76,187379
1151,3/5/19 13:30,41.341,46844.8
1152,3/5/19 14:00,42.878,148801
1153,3/5/19 14:30,42.758,121245.2
1154,3/5/19 15:00,36.62,10677.8
1155,3/5/19 15:30,25.416,49600.3
1156,3/5/19 16:00,24.931,41333.6
1157,3/5/19 16:30,18.616,9644.5
1158,3/5/19 17:00,16.713,8611.2
1159,3/5/19 17:30,15.187,1259.4
1160,3/5/19 18:00,13.461,0
1161,3/5/19 18:30,12.401,0
1162,3/5/19 19:00,11.139,0
1163,3/5/19 19:30,11.625,0
1164,3/5/19 20:00,11.236,0
1165,3/5/19 20:30,10.259,0
1166,3/5/19 21:00,10.357,0
1167,3/5/19 21:30,10.259,0
1168,3/5/19 22:00,10.553,0
1169,3/5/19 22:30,10.357,0
1170,3/5/19 23:00,10.161,0
1171,3/5/19 23:30,9.669,0
1172,3/6/19 0:00,9.472,0
1173,3/6/19 0:30,8.879,0
1174,3/6/19 1:00,7.882,0
1175,3/6/19 1:30,7.28,0
1176,3/6/19 2:00,8.481,0
1177,3/6/19 2:30,8.68,0
1178,3/6/19 3:00,8.382,0
1179,3/6/19 3:30,8.282,0
1180,3/6/19 4:00,8.68,0
1181,3/6/19 4:30,8.879,0
1182,3/6/19 5:00,9.275,0
1183,3/6/19 5:30,9.472,0
1184,3/6/19 6:00,9.373,139.9
1185,3/6/19 6:30,9.472,1194.8
1186,3/6/19 7:00,9.866,3616.7
1187,3/6/19 7:30,10.259,3444.5
1188,3/6/19 8:00,9.768,1377.8
1189,3/6/19 8:30,10.944,18600.1
1190,3/6/19 9:00,13.654,23422.4
1191,3/6/19 9:30,17.094,60622.6
1192,3/6/19 10:00,21.664,71644.9
1193,3/6/19 10:30,18.996,44089.2
1194,3/6/19 11:00,18.236,35822.5
1195,3/6/19 11:30,20.615,52355.9
1196,3/6/19 12:00,21.473,46844.8
1197,3/6/19 12:30,20.234,44089.2
1198,3/6/19 13:00,18.426,34444.7
1199,3/6/19 13:30,16.618,30311.3
1200,3/6/19 14:00,20.424,52355.9
1201,3/6/19 14:30,19.282,42711.4
1202,3/6/19 15:00,25.319,93689.5
1203,3/6/19 15:30,20.615,35822.5
1204,3/6/19 16:00,16.808,9644.5
1205,3/6/19 16:30,14.134,5511.1
1206,3/6/19 17:00,12.883,4305.6
1207,3/6/19 17:30,11.916,1022.6
1208,3/6/19 18:00,11.139,0
1209,3/6/19 18:30,10.161,0
1210,3/6/19 19:00,8.879,0
1211,3/6/19 19:30,7.381,0
1212,3/6/19 20:00,6.877,0
1213,3/6/19 20:30,7.481,0
1214,3/6/19 21:00,7.582,0
1215,3/6/19 21:30,7.682,0
1216,3/6/19 22:00,7.179,0
1217,3/6/19 22:30,7.28,0
1218,3/6/19 23:00,7.481,0
1219,3/6/19 23:30,7.983,0
1220,3/7/19 0:00,6.573,0
1221,3/7/19 0:30,6.573,0
1222,3/7/19 1:00,6.674,0
1223,3/7/19 1:30,6.573,0
1224,3/7/19 2:00,6.37,0
1225,3/7/19 2:30,6.268,0
1226,3/7/19 3:00,5.962,0
1227,3/7/19 3:30,5.757,0
1228,3/7/19 4:00,5.45,0
1229,3/7/19 4:30,4.207,0
1230,3/7/19 5:00,4.727,0
1231,3/7/19 5:30,4.102,0
1232,3/7/19 6:00,4.415,236.8
1233,3/7/19 6:30,4.934,2497.2
1234,3/7/19 7:00,5.86,4305.6
1235,3/7/19 7:30,6.978,7233.4
1236,3/7/19 8:00,10.748,35822.5
1237,3/7/19 8:30,12.207,38578
1238,3/7/19 9:00,20.234,93689.5
1239,3/7/19 9:30,17.284,38578
1240,3/7/19 10:00,19.282,60622.6
1241,3/7/19 10:30,25.319,209423.6
1242,3/7/19 11:00,44.211,253512.8
1243,3/7/19 11:30,40.992,286579.7
1244,3/7/19 12:00,43.48,126756.4
1245,3/7/19 12:30,49.225,231468.2
1246,3/7/19 13:00,45.452,209423.6
1247,3/7/19 13:30,47.238,187379
1248,3/7/19 14:00,34.479,187379
1249,3/7/19 14:30,37.055,33066.9
1250,3/7/19 15:00,34.796,110223
1251,3/7/19 15:30,35.115,74400.5
1252,3/7/19 16:00,29.252,49600.3
1253,3/7/19 16:30,16.999,7233.4
1254,3/7/19 17:00,13.75,3272.2
1255,3/7/19 17:30,12.11,979.5
1256,3/7/19 18:00,11.431,53.8
1257,3/7/19 18:30,10.063,0
1258,3/7/19 19:00,9.571,0
1259,3/7/19 19:30,8.68,0
1260,3/7/19 20:00,7.882,0
1261,3/7/19 20:30,7.381,0
1262,3/7/19 21:00,7.079,0
1263,3/7/19 21:30,6.471,0
1264,3/7/19 22:00,6.877,0
1265,3/7/19 22:30,6.471,0
1266,3/7/19 23:00,5.655,0
1267,3/7/19 23:30,5.037,0
1268,3/8/19 0:00,4.727,0
1269,3/8/19 0:30,4.311,0
1270,3/8/19 1:00,3.893,0
1271,3/8/19 1:30,3.578,0
1272,3/8/19 2:00,3.472,0
1273,3/8/19 2:30,2.943,0
1274,3/8/19 3:00,2.41,0
1275,3/8/19 3:30,1.98,0
1276,3/8/19 4:00,2.088,0
1277,3/8/19 4:30,1.98,0
1278,3/8/19 5:00,1.872,0
1279,3/8/19 5:30,1.764,0
1280,3/8/19 6:00,1.548,322.9
1281,3/8/19 6:30,1.872,2583.4
1282,3/8/19 7:00,2.73,4477.8
1283,3/8/19 7:30,3.788,8266.7
1284,3/8/19 8:00,8.382,44089.2
1285,3/8/19 8:30,12.98,104711.8
1286,3/8/19 9:00,14.038,126756.4
1287,3/8/19 9:30,24.641,148801
1288,3/8/19 10:00,18.711,159823.3
1289,3/8/19 10:30,30.659,176356.7
1290,3/8/19 11:00,35.222,209423.6
1291,3/8/19 11:30,37.604,209423.6
1292,3/8/19 12:00,40.876,220445.9
1293,3/8/19 12:30,43.48,209423.6
1294,3/8/19 13:00,40.185,187379
1295,3/8/19 13:30,38.826,170845.6
1296,3/8/19 14:00,39.05,154312.1
1297,3/8/19 14:30,36.295,132267.5
1298,3/8/19 15:00,33.535,104711.8
1299,3/8/19 15:30,30.255,74400.5
1300,3/8/19 16:00,25.61,46844.8
1301,3/8/19 16:30,12.497,4477.8
1302,3/8/19 17:00,9.275,2927.8
1303,3/8/19 17:30,7.481,1463.9
1304,3/8/19 18:00,6.166,64.6
1305,3/8/19 18:30,5.45,0
1306,3/8/19 19:00,4.623,0
1307,3/8/19 19:30,3.893,0
1308,3/8/19 20:00,3.472,0
1309,3/8/19 20:30,2.837,0
1310,3/8/19 21:00,2.303,0
1311,3/8/19 21:30,2.303,0
1312,3/8/19 22:00,1.872,0
1313,3/8/19 22:30,1.33,0
1314,3/8/19 23:00,1.112,0
1315,3/8/19 23:30,1.003,0
1316,3/9/19 0:00,1.872,0
1317,3/9/19 0:30,2.195,0
1318,3/9/19 1:00,0.674,0
1319,3/9/19 1:30,0.232,0
1320,3/9/19 2:00,-0.213,0
1321,3/9/19 2:30,0.232,0
1322,3/9/19 3:00,0.01,0
1323,3/9/19 3:30,0.01,0
1324,3/9/19 4:00,0.343,0
1325,3/9/19 4:30,0.343,0
1326,3/9/19 5:00,0.232,0
1327,3/9/19 5:30,-0.102,0
1328,3/9/19 6:00,1.656,581.3
1329,3/9/19 6:30,1.98,2669.5
1330,3/9/19 7:00,2.624,4994.5
1331,3/9/19 7:30,4.311,8611.2
1332,3/9/19 8:00,9.077,38578
1333,3/9/19 8:30,15.569,104711.8
1334,3/9/19 9:00,17.57,126756.4
1335,3/9/19 9:30,27.173,137778.7
1336,3/9/19 10:00,21.187,68889.3
1337,3/9/19 10:30,33.222,198401.3
1338,3/9/19 11:00,37.824,209423.6
1339,3/9/19 11:30,40.071,209423.6
1340,3/9/19 12:00,42.639,209423.6
1341,3/9/19 12:30,43.601,209423.6
1342,3/9/19 13:00,42.282,198401.3
1343,3/9/19 13:30,39.729,170845.6
1344,3/9/19 14:00,38.602,137778.7
1345,3/9/19 14:30,36.837,110223
1346,3/9/19 15:00,26.488,34444.7
1347,3/9/19 15:30,20.805,38578
1348,3/9/19 16:00,21.091,41333.6
1349,3/9/19 16:30,14.9,13777.9
1350,3/9/19 17:00,12.98,13089
1351,3/9/19 17:30,10.748,4477.8
1352,3/9/19 18:00,8.382,32.3
1353,3/9/19 18:30,7.882,0
1354,3/9/19 19:00,7.179,0
1355,3/9/19 19:30,6.37,0
1356,3/9/19 20:00,5.962,0
1357,3/9/19 20:30,4.831,0
1358,3/9/19 21:00,4.311,0
1359,3/9/19 21:30,3.788,0
1360,3/9/19 22:00,2.837,0
1361,3/9/19 22:30,2.195,0
1362,3/9/19 23:00,1.548,0
1363,3/9/19 23:30,0.674,0
1364,3/10/19 0:00,0.121,0
1365,3/10/19 0:30,-0.213,0
1366,3/10/19 1:00,1.221,0
1367,3/10/19 1:30,1.98,0
1368,3/10/19 2:00,2.303,0
1369,3/10/19 2:30,2.73,0
1370,3/10/19 3:00,2.943,0
1371,3/10/19 3:30,2.517,0
1372,3/10/19 4:00,2.624,0
1373,3/10/19 4:30,2.624,0
1374,3/10/19 5:00,2.624,0
1375,3/10/19 5:30,2.837,0
1376,3/10/19 6:00,2.837,1001
1377,3/10/19 6:30,3.683,6200
1378,3/10/19 7:00,5.86,21355.7
1379,3/10/19 7:30,8.779,26178
1380,3/10/19 8:00,12.401,44089.2
1381,3/10/19 8:30,18.045,66133.8
1382,3/10/19 9:00,22.908,126756.4
1383,3/10/19 9:30,27.862,88178.4
1384,3/10/19 10:00,24.931,74400.5
1385,3/10/19 10:30,33.639,104711.8
1386,3/10/19 11:00,26.39,85422.8
1387,3/10/19 11:30,25.61,68889.3
1388,3/10/19 12:00,26.292,79911.6
1389,3/10/19 12:30,20.615,46844.8
1390,3/10/19 13:00,20.329,46844.8
1391,3/10/19 13:30,20.424,57867
1392,3/10/19 14:00,20.329,52355.9
1393,3/10/19 14:30,18.14,39955.8
1394,3/10/19 15:00,16.332,33066.9
1395,3/10/19 15:30,15.855,28933.5
1396,3/10/19 16:00,14.517,19289
1397,3/10/19 16:30,14.613,28933.5
1398,3/10/19 17:00,13.269,12400.1
1399,3/10/19 17:30,9.768,3272.2
1400,3/10/19 18:00,7.079,64.6
1401,3/10/19 18:30,5.655,0
1402,3/10/19 19:00,4.727,0
1403,3/10/19 19:30,3.578,0
1404,3/10/19 20:00,2.303,0
1405,3/10/19 20:30,2.195,0
1406,3/10/19 21:00,2.088,0
1407,3/10/19 21:30,2.624,0
1408,3/10/19 22:00,3.049,0
1409,3/10/19 22:30,2.73,0
1410,3/10/19 23:00,2.624,0
1411,3/10/19 23:30,2.517,0
1412,3/11/19 0:00,2.303,0
1413,3/11/19 0:30,2.303,0
1414,3/11/19 1:00,2.517,0
1415,3/11/19 1:30,2.624,0
1416,3/11/19 2:00,2.837,0
1417,3/11/19 2:30,2.943,0
1418,3/11/19 3:00,2.73,0
1419,3/11/19 3:30,2.195,0
1420,3/11/19 4:00,1.872,0
1421,3/11/19 4:30,1.548,0
1422,3/11/19 5:00,1.872,0
1423,3/11/19 5:30,2.088,0
1424,3/11/19 6:00,2.088,861.1
1425,3/11/19 6:30,3.472,7577.8
1426,3/11/19 7:00,6.471,17911.2
1427,3/11/19 7:30,8.978,23422.4
1428,3/11/19 8:00,12.401,37200.2
1429,3/11/19 8:30,16.427,66133.8
1430,3/11/19 9:00,20.043,71644.9
1431,3/11/19 9:30,28.555,99200.7
1432,3/11/19 10:00,20.519,52355.9
1433,3/11/19 10:30,18.996,46844.8
1434,3/11/19 11:00,20.043,66133.8
1435,3/11/19 11:30,20.996,71644.9
1436,3/11/19 12:00,26.781,85422.8
1437,3/11/19 12:30,23.966,55111.5
1438,3/11/19 13:00,23.484,82667.2
1439,3/11/19 13:30,27.567,93689.5
1440,3/11/19 14:00,27.468,104711.8
1441,3/11/19 14:30,24.641,42711.4
1442,3/11/19 15:00,20.615,41333.6
1443,3/11/19 15:30,17.475,30311.3
1444,3/11/19 16:00,16.046,17222.3
1445,3/11/19 16:30,13.846,8266.7
1446,3/11/19 17:00,11.625,3272.2
1447,3/11/19 17:30,9.965,398.3
1448,3/11/19 18:00,8.68,10.8
1449,3/11/19 18:30,8.082,0
1450,3/11/19 19:00,7.682,0
1451,3/11/19 19:30,7.179,0
1452,3/11/19 20:00,6.978,0
1453,3/11/19 20:30,6.978,0
1454,3/11/19 21:00,6.775,0
1455,3/11/19 21:30,6.573,0
1456,3/11/19 22:00,6.166,0
1457,3/11/19 22:30,5.86,0
1458,3/11/19 23:00,5.655,0
1459,3/11/19 23:30,5.45,0
1460,3/12/19 0:00,5.552,0
1461,3/12/19 0:30,5.552,0
1462,3/12/19 1:00,5.552,0
1463,3/12/19 1:30,5.45,0
1464,3/12/19 2:00,5.45,0
1465,3/12/19 2:30,5.45,0
1466,3/12/19 3:00,5.45,0
1467,3/12/19 3:30,5.45,0
1468,3/12/19 4:00,5.552,0
1469,3/12/19 4:30,5.244,0
1470,3/12/19 5:00,3.998,0
1471,3/12/19 5:30,3.578,0
1472,3/12/19 6:00,4.102,269.1
1473,3/12/19 6:30,4.519,1722.2
1474,3/12/19 7:00,4.831,5166.7
1475,3/12/19 7:30,8.481,22044.6
1476,3/12/19 8:00,9.275,46844.8
1477,3/12/19 8:30,14.038,52355.9
1478,3/12/19 9:00,13.365,60622.6
1479,3/12/19 9:30,20.329,110223
1480,3/12/19 10:00,20.805,104711.8
1481,3/12/19 10:30,20.138,77156.1
1482,3/12/19 11:00,21.187,79911.6
1483,3/12/19 11:30,33.535,220445.9
1484,3/12/19 12:00,37.824,253512.8
1485,3/12/19 12:30,37.824,275557.4
1486,3/12/19 13:00,22.621,41333.6
1487,3/12/19 13:30,24.351,82667.2
1488,3/12/19 14:00,17.95,19977.9
1489,3/12/19 14:30,18.996,66133.8
1490,3/12/19 15:00,20.138,34444.7
1491,3/12/19 15:30,23.966,22044.6
1492,3/12/19 16:00,16.808,15155.7
1493,3/12/19 16:30,13.654,11711.2
1494,3/12/19 17:00,12.497,11711.2
1495,3/12/19 17:30,10.748,2927.8
1496,3/12/19 18:00,9.275,129.2
1497,3/12/19 18:30,8.481,0
1498,3/12/19 19:00,7.481,0
1499,3/12/19 19:30,7.28,0
1500,3/12/19 20:00,5.86,0
1501,3/12/19 20:30,5.45,0
1502,3/12/19 21:00,5.141,0
1503,3/12/19 21:30,4.934,0
1504,3/12/19 22:00,4.727,0
1505,3/12/19 22:30,4.623,0
1506,3/12/19 23:00,4.623,0
1507,3/12/19 23:30,4.623,0
1508,3/13/19 0:00,4.934,0
1509,3/13/19 0:30,5.141,0
1510,3/13/19 1:00,5.244,0
1511,3/13/19 1:30,5.037,0
1512,3/13/19 2:00,4.831,0
1513,3/13/19 2:30,4.519,0
1514,3/13/19 3:00,4.519,0
1515,3/13/19 3:30,4.415,0
1516,3/13/19 4:00,3.893,0
1517,3/13/19 4:30,3.683,0
1518,3/13/19 5:00,3.155,0
1519,3/13/19 5:30,2.624,0
1520,3/13/19 6:00,2.517,1065.6
1521,3/13/19 6:30,3.367,9644.5
1522,3/13/19 7:00,4.934,16533.4
1523,3/13/19 7:30,5.45,11022.3
1524,3/13/19 8:00,7.381,57867
1525,3/13/19 8:30,15.187,121245.2
1526,3/13/19 9:00,17.379,148801
1527,3/13/19 9:30,18.521,165334.4
1528,3/13/19 10:00,11.236,14466.8
1529,3/13/19 10:30,24.448,209423.6
1530,3/13/19 11:00,26.781,220445.9
1531,3/13/19 11:30,28.456,220445.9
1532,3/13/19 12:00,28.853,220445.9
1533,3/13/19 12:30,29.352,209423.6
1534,3/13/19 13:00,29.652,198401.3
1535,3/13/19 13:30,28.754,176356.7
1536,3/13/19 14:00,25.902,159823.3
1537,3/13/19 14:30,25.125,137778.7
1538,3/13/19 15:00,23.292,104711.8
1539,3/13/19 15:30,20.71,79911.6
1540,3/13/19 16:00,17.665,49600.3
1541,3/13/19 16:30,7.079,4650
1542,3/13/19 17:00,5.86,3616.7
1543,3/13/19 17:30,4.934,2238.9
1544,3/13/19 18:00,4.102,183
1545,3/13/19 18:30,3.578,0
1546,3/13/19 19:00,3.261,0
1547,3/13/19 19:30,3.049,0
1548,3/13/19 20:00,2.73,0
1549,3/13/19 20:30,2.303,0
1550,3/13/19 21:00,1.764,0
1551,3/13/19 21:30,1.112,0
1552,3/13/19 22:00,-0.102,0
1553,3/13/19 22:30,0.121,0
1554,3/13/19 23:00,0.893,0
1555,3/13/19 23:30,0.01,0
1556,3/14/19 0:00,-0.102,0
1557,3/14/19 0:30,-0.213,0
1558,3/14/19 1:00,-0.102,0
1559,3/14/19 1:30,0.01,0
1560,3/14/19 2:00,-0.437,0
1561,3/14/19 2:30,-0.662,0
1562,3/14/19 3:00,-0.662,0
1563,3/14/19 3:30,-1.456,0
1564,3/14/19 4:00,-1.228,0
1565,3/14/19 4:30,-1.228,0
1566,3/14/19 5:00,-1.456,0
1567,3/14/19 5:30,-1.228,0
1568,3/14/19 6:00,-1.456,1119.5
1569,3/14/19 6:30,-0.662,2927.8
1570,3/14/19 7:00,0.232,5166.7
1571,3/14/19 7:30,2.303,5166.7
1572,3/14/19 8:00,7.179,85422.8
1573,3/14/19 8:30,13.942,121245.2
1574,3/14/19 9:00,18.426,148801
1575,3/14/19 9:30,22.908,170845.6
1576,3/14/19 10:00,13.75,33066.9
1577,3/14/19 10:30,29.053,209423.6
1578,3/14/19 11:00,31.574,220445.9
1579,3/14/19 11:30,32.704,220445.9
1580,3/14/19 12:00,34.163,220445.9
1581,3/14/19 12:30,33.848,209423.6
1582,3/14/19 13:00,33.222,198401.3
1583,3/14/19 13:30,32.188,176356.7
1584,3/14/19 14:00,30.356,165334.4
1585,3/14/19 14:30,28.655,137778.7
1586,3/14/19 15:00,27.272,104711.8
1587,3/14/19 15:30,25.708,79911.6
1588,3/14/19 16:00,22.621,49600.3
1589,3/14/19 16:30,9.669,3616.7
1590,3/14/19 17:00,7.381,2755.6
1591,3/14/19 17:30,5.962,1808.3
1592,3/14/19 18:00,4.831,150.7
1593,3/14/19 18:30,3.893,0
1594,3/14/19 19:00,3.683,0
1595,3/14/19 19:30,3.367,0
1596,3/14/19 20:00,3.049,0
1597,3/14/19 20:30,3.049,0
1598,3/14/19 21:00,2.837,0
1599,3/14/19 21:30,2.517,0
1600,3/14/19 22:00,2.517,0
1601,3/14/19 22:30,2.41,0
1602,3/14/19 23:00,2.303,0
1603,3/14/19 23:30,2.517,0
1604,3/15/19 0:00,2.303,0
1605,3/15/19 0:30,2.303,0
1606,3/15/19 1:00,2.088,0
1607,3/15/19 1:30,1.872,0
1608,3/15/19 2:00,1.656,0
1609,3/15/19 2:30,1.656,0
1610,3/15/19 3:00,1.221,0
1611,3/15/19 3:30,0.784,0
1612,3/15/19 4:00,0.563,0
1613,3/15/19 4:30,0.784,0
1614,3/15/19 5:00,0.893,0
1615,3/15/19 5:30,1.439,0
1616,3/15/19 6:00,1.764,1216.3
1617,3/15/19 6:30,2.303,3100
1618,3/15/19 7:00,3.788,5338.9
1619,3/15/19 7:30,5.655,5166.7
1620,3/15/19 8:00,11.916,85422.8
1621,3/15/19 8:30,19.948,115734.1
1622,3/15/19 9:00,23.581,148801
1623,3/15/19 9:30,26.977,170845.6
1624,3/15/19 10:00,20.138,15155.7
1625,3/15/19 10:30,33.639,209423.6
1626,3/15/19 11:00,34.479,209423.6
1627,3/15/19 11:30,37.604,220445.9
1628,3/15/19 12:00,39.957,220445.9
1629,3/15/19 12:30,40.645,209423.6
1630,3/15/19 13:00,41.108,198401.3
1631,3/15/19 13:30,40.53,176356.7
1632,3/15/19 14:00,39.502,165334.4
1633,3/15/19 14:30,37.604,132267.5
1634,3/15/19 15:00,37.714,110223
1635,3/15/19 15:30,33.014,79911.6
1636,3/15/19 16:00,27.764,49600.3
1637,3/15/19 16:30,14.325,4477.8
1638,3/15/19 17:00,11.236,2927.8
1639,3/15/19 17:30,9.669,2066.7
1640,3/15/19 18:00,8.282,344.4
1641,3/15/19 18:30,7.381,0
1642,3/15/19 19:00,7.28,0
1643,3/15/19 19:30,6.877,0
1644,3/15/19 20:00,6.674,0
1645,3/15/19 20:30,6.573,0
1646,3/15/19 21:00,6.674,0
1647,3/15/19 21:30,6.37,0
1648,3/15/19 22:00,6.268,0
1649,3/15/19 22:30,6.064,0
1650,3/15/19 23:00,5.962,0
1651,3/15/19 23:30,5.962,0
1652,3/16/19 0:00,5.86,0
1653,3/16/19 0:30,5.962,0
1654,3/16/19 1:00,5.962,0
1655,3/16/19 1:30,5.757,0
1656,3/16/19 2:00,5.655,0
1657,3/16/19 2:30,5.244,0
1658,3/16/19 3:00,5.037,0
1659,3/16/19 3:30,4.727,0
1660,3/16/19 4:00,4.831,0
1661,3/16/19 4:30,4.727,0
1662,3/16/19 5:00,4.519,0
1663,3/16/19 5:30,4.623,0
1664,3/16/19 6:00,4.519,1259.4
1665,3/16/19 6:30,5.552,3272.2
1666,3/16/19 7:00,7.079,5511.1
1667,3/16/19 7:30,9.571,5511.1
1668,3/16/19 8:00,16.332,82667.2
1669,3/16/19 8:30,23.677,115734.1
1670,3/16/19 9:00,28.357,143289.8
1671,3/16/19 9:30,33.43,165334.4
1672,3/16/19 10:00,25.125,14466.8
1673,3/16/19 10:30,39.502,198401.3
1674,3/16/19 11:00,42.758,209423.6
1675,3/16/19 11:30,45.956,220445.9
1676,3/16/19 12:00,47.499,220445.9
1677,3/16/19 12:30,48.288,209423.6
1678,3/16/19 13:00,49.225,198401.3
1679,3/16/19 13:30,48.821,176356.7
1680,3/16/19 14:00,46.85,159823.3
1681,3/16/19 14:30,43.601,132267.5
1682,3/16/19 15:00,41.575,104711.8
1683,3/16/19 15:30,38.714,79911.6
1684,3/16/19 16:00,34.691,49600.3
1685,3/16/19 16:30,18.901,3961.1
1686,3/16/19 17:00,14.996,2927.8
1687,3/16/19 17:30,12.98,1894.5
1688,3/16/19 18:00,10.846,247.6
1689,3/16/19 18:30,10.651,0
1690,3/16/19 19:00,10.063,0
1691,3/16/19 19:30,8.481,0
1692,3/16/19 20:00,8.382,0
1693,3/16/19 20:30,7.079,0
1694,3/16/19 21:00,7.28,0
1695,3/16/19 21:30,7.682,0
1696,3/16/19 22:00,8.182,0
1697,3/16/19 22:30,8.082,0
1698,3/16/19 23:00,7.682,0
1699,3/16/19 23:30,7.782,0
1700,3/17/19 0:00,7.682,0
1701,3/17/19 0:30,7.28,0
1702,3/17/19 1:00,7.782,0
1703,3/17/19 1:30,7.682,0
1704,3/17/19 2:00,7.882,0
1705,3/17/19 2:30,7.582,0
1706,3/17/19 3:00,6.978,0
1707,3/17/19 3:30,7.079,0
1708,3/17/19 4:00,6.573,0
1709,3/17/19 4:30,5.757,0
1710,3/17/19 5:00,5.141,0
1711,3/17/19 5:30,5.552,0
1712,3/17/19 6:00,5.962,1377.8
1713,3/17/19 6:30,6.471,3444.5
1714,3/17/19 7:00,7.882,8266.7
1715,3/17/19 7:30,11.916,5511.1
1716,3/17/19 8:00,19.377,82667.2
1717,3/17/19 8:30,28.754,115734.1
1718,3/17/19 9:00,34.585,143289.8
1719,3/17/19 9:30,38.714,165334.4
1720,3/17/19 10:00,31.37,14466.8
1721,3/17/19 10:30,43.723,198401.3
1722,3/17/19 11:00,48.023,209423.6
1723,3/17/19 11:30,51.295,220445.9
1724,3/17/19 12:00,52.006,209423.6
1725,3/17/19 12:30,51.154,209423.6
1726,3/17/19 13:00,52.873,198401.3
1727,3/17/19 13:30,53.019,176356.7
1728,3/17/19 14:00,51.72,159823.3
1729,3/17/19 14:30,49.632,132267.5
1730,3/17/19 15:00,46.465,104711.8
1731,3/17/19 15:30,43.238,79911.6
1732,3/17/19 16:00,37.384,49600.3
1733,3/17/19 16:30,21.664,3444.5
1734,3/17/19 17:00,16.999,2755.6
1735,3/17/19 17:30,14.421,1894.5
1736,3/17/19 18:00,12.11,279.9
1737,3/17/19 18:30,11.236,0
1738,3/17/19 19:00,10.063,0
1739,3/17/19 19:30,9.472,0
1740,3/17/19 20:00,9.768,0
1741,3/17/19 20:30,8.978,0
1742,3/17/19 21:00,8.779,0
1743,3/17/19 21:30,8.182,0
1744,3/17/19 22:00,7.682,0
1745,3/17/19 22:30,7.882,0
1746,3/17/19 23:00,7.381,0
1747,3/17/19 23:30,7.28,0
1748,3/18/19 0:00,7.28,0
1749,3/18/19 0:30,6.573,0
1750,3/18/19 1:00,7.079,0
1751,3/18/19 1:30,6.775,0
1752,3/18/19 2:00,6.37,0
1753,3/18/19 2:30,6.37,0
1754,3/18/19 3:00,6.166,0
1755,3/18/19 3:30,5.757,0
1756,3/18/19 4:00,5.655,0
1757,3/18/19 4:30,5.347,0
1758,3/18/19 5:00,6.064,0
1759,3/18/19 5:30,6.37,10.8
1760,3/18/19 6:00,6.37,1463.9
1761,3/18/19 6:30,6.877,3444.5
1762,3/18/19 7:00,7.882,16533.4
1763,3/18/19 7:30,12.401,8611.2
1764,3/18/19 8:00,19.662,88178.4
1765,3/18/19 8:30,30.862,121245.2
1766,3/18/19 9:00,37.274,148801
1767,3/18/19 9:30,41.81,170845.6
1768,3/18/19 10:00,35.115,17911.2
1769,3/18/19 10:30,46.337,209423.6
1770,3/18/19 11:00,50.874,209423.6
1771,3/18/19 11:30,52.437,220445.9
1772,3/18/19 12:00,53.019,220445.9
1773,3/18/19 12:30,53.609,209423.6
1774,3/18/19 13:00,53.166,198401.3
1775,3/18/19 13:30,52.582,176356.7
1776,3/18/19 14:00,52.293,159823.3
1777,3/18/19 14:30,50.456,137778.7
1778,3/18/19 15:00,47.109,110223
1779,3/18/19 15:30,43.238,79911.6
1780,3/18/19 16:00,36.511,49600.3
1781,3/18/19 16:30,21.951,3272.2
1782,3/18/19 17:00,17.284,2755.6
1783,3/18/19 17:30,14.421,1808.3
1784,3/18/19 18:00,11.722,279.9
1785,3/18/19 18:30,10.944,0
1786,3/18/19 19:00,10.455,0
1787,3/18/19 19:30,10.357,0
1788,3/18/19 20:00,9.768,0
1789,3/18/19 20:30,9.571,0
1790,3/18/19 21:00,9.176,0
1791,3/18/19 21:30,9.176,0
1792,3/18/19 22:00,8.879,0
1793,3/18/19 22:30,8.879,0
1794,3/18/19 23:00,8.779,0
1795,3/18/19 23:30,7.882,0
1796,3/19/19 0:00,7.179,0
1797,3/19/19 0:30,6.674,0
1798,3/19/19 1:00,6.877,0
1799,3/19/19 1:30,7.381,0
1800,3/19/19 2:00,7.682,0
1801,3/19/19 2:30,6.877,0
1802,3/19/19 3:00,7.28,0
1803,3/19/19 3:30,7.079,0
1804,3/19/19 4:00,6.978,0
1805,3/19/19 4:30,7.381,0
1806,3/19/19 5:00,6.573,0
1807,3/19/19 5:30,5.86,21.5
1808,3/19/19 6:00,6.877,1722.2
1809,3/19/19 6:30,6.674,3961.1
1810,3/19/19 7:00,10.161,23422.4
1811,3/19/19 7:30,13.942,24800.2
1812,3/19/19 8:00,20.234,93689.5
1813,3/19/19 8:30,30.963,121245.2
1814,3/19/19 9:00,38.379,148801
1815,3/19/19 9:30,38.938,143289.8
1816,3/19/19 10:00,37.604,34444.7
1817,3/19/19 10:30,47.109,198401.3
1818,3/19/19 11:00,38.379,231468.2
1819,3/19/19 11:30,45.201,88178.4
1820,3/19/19 12:00,45.703,88178.4
1821,3/19/19 12:30,44.211,176356.7
1822,3/19/19 13:00,53.019,209423.6
1823,3/19/19 13:30,39.502,60622.6
1824,3/19/19 14:00,37.604,39955.8
1825,3/19/19 14:30,31.268,44089.2
1826,3/19/19 15:00,36.187,68889.3
1827,3/19/19 15:30,31.472,49600.3
1828,3/19/19 16:00,28.159,34444.7
1829,3/19/19 16:30,23.292,22044.6
1830,3/19/19 17:00,21.282,20666.8
1831,3/19/19 17:30,17.665,3272.2
1832,3/19/19 18:00,14.23,204.5
1833,3/19/19 18:30,12.401,0
1834,3/19/19 19:00,12.497,0
1835,3/19/19 19:30,12.594,0
1836,3/19/19 20:00,12.401,0
1837,3/19/19 20:30,11.139,0
1838,3/19/19 21:00,9.571,0
1839,3/19/19 21:30,8.282,0
1840,3/19/19 22:00,7.381,0
1841,3/19/19 22:30,7.28,0
1842,3/19/19 23:00,8.481,0
1843,3/19/19 23:30,8.382,0
1844,3/20/19 0:00,7.983,0
1845,3/20/19 0:30,7.882,0
1846,3/20/19 1:00,6.471,0
1847,3/20/19 1:30,5.655,0
1848,3/20/19 2:00,6.471,0
1849,3/20/19 2:30,6.978,0
1850,3/20/19 3:00,6.775,0
1851,3/20/19 3:30,7.079,0
1852,3/20/19 4:00,7.179,0
1853,3/20/19 4:30,7.381,0
1854,3/20/19 5:00,7.582,0
1855,3/20/19 5:30,7.782,0
1856,3/20/19 6:00,8.68,1033.3
1857,3/20/19 6:30,9.077,3616.7
1858,3/20/19 7:00,10.063,4133.4
1859,3/20/19 7:30,11.431,17222.3
1860,3/20/19 8:00,12.11,22044.6
1861,3/20/19 8:30,12.401,11022.3
1862,3/20/19 9:00,14.421,15155.7
1863,3/20/19 9:30,12.013,5511.1
1864,3/20/19 10:00,9.571,12400.1
1865,3/20/19 10:30,13.076,24800.2
1866,3/20/19 11:00,15.855,30311.3
1867,3/20/19 11:30,19.758,55111.5
1868,3/20/19 12:00,26.292,93689.5
1869,3/20/19 12:30,35.009,79911.6
1870,3/20/19 13:00,40.53,176356.7
1871,3/20/19 13:30,33.848,49600.3
1872,3/20/19 14:00,24.641,38578
1873,3/20/19 14:30,24.448,57867
1874,3/20/19 15:00,23.196,35822.5
1875,3/20/19 15:30,26.097,46844.8
1876,3/20/19 16:00,28.456,49600.3
1877,3/20/19 16:30,19.187,17911.2
1878,3/20/19 17:00,15.282,9300.1
1879,3/20/19 17:30,12.594,1141
1880,3/20/19 18:00,10.748,215.3
1881,3/20/19 18:30,10.063,0
1882,3/20/19 19:00,8.978,0
1883,3/20/19 19:30,7.682,0
1884,3/20/19 20:00,6.877,0
1885,3/20/19 20:30,6.674,0
1886,3/20/19 21:00,6.37,0
1887,3/20/19 21:30,5.141,0
1888,3/20/19 22:00,5.347,0
1889,3/20/19 22:30,4.623,0
1890,3/20/19 23:00,4.311,0
1891,3/20/19 23:30,4.207,0
1892,3/21/19 0:00,4.102,0
1893,3/21/19 0:30,3.998,0
1894,3/21/19 1:00,3.788,0
1895,3/21/19 1:30,3.578,0
1896,3/21/19 2:00,3.472,0
1897,3/21/19 2:30,3.367,0
1898,3/21/19 3:00,3.367,0
1899,3/21/19 3:30,3.261,0
1900,3/21/19 4:00,3.155,0
1901,3/21/19 4:30,2.943,0
1902,3/21/19 5:00,2.73,0
1903,3/21/19 5:30,2.73,21.5
1904,3/21/19 6:00,2.624,1377.8
1905,3/21/19 6:30,3.261,4994.5
1906,3/21/19 7:00,6.471,15155.7
1907,3/21/19 7:30,7.882,24800.2
1908,3/21/19 8:00,12.401,93689.5
1909,3/21/19 8:30,22.238,132267.5
1910,3/21/19 9:00,29.853,154312.1
1911,3/21/19 9:30,35.009,143289.8
1912,3/21/19 10:00,32.394,71644.9
1913,3/21/19 10:30,39.843,143289.8
1914,3/21/19 11:00,36.187,170845.6
1915,3/21/19 11:30,43.723,187379
1916,3/21/19 12:00,35.009,55111.5
1917,3/21/19 12:30,36.079,99200.7
1918,3/21/19 13:00,23.581,34444.7
1919,3/21/19 13:30,40.53,176356.7
1920,3/21/19 14:00,43.844,176356.7
1921,3/21/19 14:30,26.585,20666.8
1922,3/21/19 15:00,12.98,4133.4
1923,3/21/19 15:30,22.812,34444.7
1924,3/21/19 16:00,13.076,18600.1
1925,3/21/19 16:30,14.325,13777.9
1926,3/21/19 17:00,11.041,2325
1927,3/21/19 17:30,9.571,1722.2
1928,3/21/19 18:00,7.682,333.7
1929,3/21/19 18:30,7.079,0
1930,3/21/19 19:00,7.179,0
1931,3/21/19 19:30,6.471,0
1932,3/21/19 20:00,7.079,0
1933,3/21/19 20:30,6.674,0
1934,3/21/19 21:00,5.347,0
1935,3/21/19 21:30,4.831,0
1936,3/21/19 22:00,4.311,0
1937,3/21/19 22:30,4.102,0
1938,3/21/19 23:00,3.998,0
1939,3/21/19 23:30,3.367,0
1940,3/22/19 0:00,3.578,0
1941,3/22/19 0:30,3.049,0
1942,3/22/19 1:00,2.837,0
1943,3/22/19 1:30,2.837,0
1944,3/22/19 2:00,2.73,0
1945,3/22/19 2:30,2.624,0
1946,3/22/19 3:00,2.624,0
1947,3/22/19 3:30,2.943,0
1948,3/22/19 4:00,2.73,0
1949,3/22/19 4:30,2.624,0
1950,3/22/19 5:00,2.517,0
1951,3/22/19 5:30,2.517,53.8
1952,3/22/19 6:00,1.764,1463.9
1953,3/22/19 6:30,2.517,4822.3
1954,3/22/19 7:00,6.674,12400.1
1955,3/22/19 7:30,8.879,11022.3
1956,3/22/19 8:00,13.558,74400.5
1957,3/22/19 8:30,21.855,82667.2
1958,3/22/19 9:00,28.456,143289.8
1959,3/22/19 9:30,34.903,154312.1
1960,3/22/19 10:00,36.946,165334.4
1961,3/22/19 10:30,42.758,220445.9
1962,3/22/19 11:00,46.465,198401.3
1963,3/22/19 11:30,48.421,137778.7
1964,3/22/19 12:00,50.734,93689.5
1965,3/22/19 12:30,48.288,93689.5
1966,3/22/19 13:00,51.72,132267.5
1967,3/22/19 13:30,51.295,165334.4
1968,3/22/19 14:00,48.821,148801
1969,3/22/19 14:30,47.109,148801
1970,3/22/19 15:00,43.966,121245.2
1971,3/22/19 15:30,36.837,93689.5
1972,3/22/19 16:00,30.356,23422.4
1973,3/22/19 16:30,18.711,3444.5
1974,3/22/19 17:00,14.517,3100
1975,3/22/19 17:30,12.883,2411.1
1976,3/22/19 18:00,10.944,236.8
1977,3/22/19 18:30,9.768,0
1978,3/22/19 19:00,9.176,0
1979,3/22/19 19:30,8.978,0
1980,3/22/19 20:00,9.176,0
1981,3/22/19 20:30,8.082,0
1982,3/22/19 21:00,7.079,0
1983,3/22/19 21:30,6.471,0
1984,3/22/19 22:00,6.573,0
1985,3/22/19 22:30,6.775,0
1986,3/22/19 23:00,6.573,0
1987,3/22/19 23:30,6.268,0
1988,3/23/19 0:00,5.86,0
1989,3/23/19 0:30,5.86,0
1990,3/23/19 1:00,5.347,0
1991,3/23/19 1:30,4.934,0
1992,3/23/19 2:00,4.102,0
1993,3/23/19 2:30,3.998,0
1994,3/23/19 3:00,3.788,0
1995,3/23/19 3:30,4.102,0
1996,3/23/19 4:00,3.683,0
1997,3/23/19 4:30,3.998,0
1998,3/23/19 5:00,4.207,0
1999,3/23/19 5:30,4.207,32.3
2000,3/23/19 6:00,3.998,2325
2001,3/23/19 6:30,5.141,4650
2002,3/23/19 7:00,8.481,13777.9
2003,3/23/19 7:30,11.722,10677.8
2004,3/23/19 8:00,16.141,74400.5
2005,3/23/19 8:30,28.953,137778.7
2006,3/23/19 9:00,36.187,137778.7
2007,3/23/19 9:30,40.53,154312.1
2008,3/23/19 10:00,42.164,198401.3
2009,3/23/19 10:30,45.956,220445.9
2010,3/23/19 11:00,49.36,198401.3
2011,3/23/19 11:30,51.436,176356.7
2012,3/23/19 12:00,52.293,132267.5
2013,3/23/19 12:30,52.437,148801
2014,3/23/19 13:00,50.456,154312.1
2015,3/23/19 13:30,47.629,126756.4
2016,3/23/19 14:00,49.905,170845.6
2017,3/23/19 14:30,48.421,148801
2018,3/23/19 15:00,44.457,115734.1
2019,3/23/19 15:30,36.62,88178.4
2020,3/23/19 16:00,30.963,46844.8
2021,3/23/19 16:30,20.901,8611.2
2022,3/23/19 17:00,17.57,5166.7
2023,3/23/19 17:30,15.282,2755.6
2024,3/23/19 18:00,12.787,387.5
2025,3/23/19 18:30,11.916,0
2026,3/23/19 19:00,11.041,0
2027,3/23/19 19:30,10.553,0
2028,3/23/19 20:00,9.866,0
2029,3/23/19 20:30,9.373,0
2030,3/23/19 21:00,8.879,0
2031,3/23/19 21:30,8.581,0
2032,3/23/19 22:00,8.182,0
2033,3/23/19 22:30,7.481,0
2034,3/23/19 23:00,6.978,0
2035,3/23/19 23:30,6.573,0
2036,3/24/19 0:00,6.064,0
2037,3/24/19 0:30,5.757,0
2038,3/24/19 1:00,5.962,0
2039,3/24/19 1:30,5.86,0
2040,3/24/19 2:00,5.45,0
2041,3/24/19 2:30,5.244,0
2042,3/24/19 3:00,4.831,0
2043,3/24/19 3:30,4.623,0
2044,3/24/19 4:00,4.831,0
2045,3/24/19 4:30,5.45,0
2046,3/24/19 5:00,5.552,0
2047,3/24/19 5:30,5.552,96.9
2048,3/24/19 6:00,5.86,2583.4
2049,3/24/19 6:30,6.978,7233.4
2050,3/24/19 7:00,10.357,24800.2
2051,3/24/19 7:30,12.98,24800.2
2052,3/24/19 8:00,16.237,71644.9
2053,3/24/19 8:30,28.357,126756.4
2054,3/24/19 9:00,32.704,132267.5
2055,3/24/19 9:30,38.826,165334.4
2056,3/24/19 10:00,43.601,209423.6
2057,3/24/19 10:30,47.76,220445.9
2058,3/24/19 11:00,50.456,231468.2
2059,3/24/19 11:30,53.609,231468.2
2060,3/24/19 12:00,55.425,220445.9
2061,3/24/19 12:30,55.891,187379
2062,3/24/19 13:00,56.362,126756.4
2063,3/24/19 13:30,55.425,121245.2
2064,3/24/19 14:00,53.906,148801
2065,3/24/19 14:30,51.72,137778.7
2066,3/24/19 15:00,48.023,115734.1
2067,3/24/19 15:30,41.458,85422.8
2068,3/24/19 16:00,38.046,57867
2069,3/24/19 16:30,22.525,4305.6
2070,3/24/19 17:00,17.665,3272.2
2071,3/24/19 17:30,14.709,2238.9
2072,3/24/19 18:00,11.916,462.9
2073,3/24/19 18:30,9.866,0
2074,3/24/19 19:00,10.161,0
2075,3/24/19 19:30,9.768,0
2076,3/24/19 20:00,9.275,0
2077,3/24/19 20:30,8.779,0
2078,3/24/19 21:00,7.983,0
2079,3/24/19 21:30,7.381,0
2080,3/24/19 22:00,6.978,0
2081,3/24/19 22:30,6.978,0
2082,3/24/19 23:00,6.166,0
2083,3/24/19 23:30,5.86,0
2084,3/25/19 0:00,5.962,0
2085,3/25/19 0:30,5.141,0
2086,3/25/19 1:00,4.207,0
2087,3/25/19 1:30,4.415,0
2088,3/25/19 2:00,4.102,0
2089,3/25/19 2:30,4.519,0
2090,3/25/19 3:00,4.727,0
2091,3/25/19 3:30,3.893,0
2092,3/25/19 4:00,3.893,0
2093,3/25/19 4:30,3.998,0
2094,3/25/19 5:00,4.311,0
2095,3/25/19 5:30,4.311,161.5
2096,3/25/19 6:00,4.102,2411.1
2097,3/25/19 6:30,5.244,8611.2
2098,3/25/19 7:00,11.236,37200.2
2099,3/25/19 7:30,14.517,18600.1
2100,3/25/19 8:00,17.189,37200.2
2101,3/25/19 8:30,31.983,121245.2
2102,3/25/19 9:00,39.05,132267.5
2103,3/25/19 9:30,44.089,176356.7
2104,3/25/19 10:00,48.155,209423.6
2105,3/25/19 10:30,52.293,231468.2
2106,3/25/19 11:00,55.271,231468.2
2107,3/25/19 11:30,57.806,242490.5
2108,3/25/19 12:00,58.797,231468.2
2109,3/25/19 12:30,59.471,231468.2
2110,3/25/19 13:00,58.63,209423.6
2111,3/25/19 13:30,58.63,176356.7
2112,3/25/19 14:00,57.481,121245.2
2113,3/25/19 14:30,54.659,99200.7
2114,3/25/19 15:00,50.18,110223
2115,3/25/19 15:30,44.089,85422.8
2116,3/25/19 16:00,39.05,57867
2117,3/25/19 16:30,23.773,4650
2118,3/25/19 17:00,18.331,3616.7
2119,3/25/19 17:30,14.709,2411.1
2120,3/25/19 18:00,12.401,538.2
2121,3/25/19 18:30,11.334,0
2122,3/25/19 19:00,10.553,0
2123,3/25/19 19:30,9.669,0
2124,3/25/19 20:00,9.275,0
2125,3/25/19 20:30,8.978,0
2126,3/25/19 21:00,8.182,0
2127,3/25/19 21:30,7.983,0
2128,3/25/19 22:00,7.179,0
2129,3/25/19 22:30,7.079,0
2130,3/25/19 23:00,6.471,0
2131,3/25/19 23:30,5.655,0
2132,3/26/19 0:00,5.552,0
2133,3/26/19 0:30,4.831,0
2134,3/26/19 1:00,4.831,0
2135,3/26/19 1:30,5.244,0
2136,3/26/19 2:00,5.757,0
2137,3/26/19 2:30,6.37,0
2138,3/26/19 3:00,6.877,0
2139,3/26/19 3:30,6.674,0
2140,3/26/19 4:00,5.655,0
2141,3/26/19 4:30,5.757,0
2142,3/26/19 5:00,5.244,0
2143,3/26/19 5:30,5.037,107.6
2144,3/26/19 6:00,4.934,3100
2145,3/26/19 6:30,6.166,10677.8
2146,3/26/19 7:00,10.846,31689.1
2147,3/26/19 7:30,15.951,24800.2
2148,3/26/19 8:00,20.424,34444.7
2149,3/26/19 8:15,,
2150,3/26/19 8:15,,