Sample,Site,Treatment Group,Data Type,Treatment ,neoxanthin,violaxanthin,antheraxanthin,lutein,zeaxanthin,chlorophyll b,beta-carotene.sum,beta-tocopherol,alpha-tocopherol,V+A+Z,A+Z/V+A+Z,total carotenoids,total tocopherols
1A,1,A,sample,UV Filtered,86.98712169,17.84458324,36.27467497,505.5492162,186.1780328,277.212175,267.0037062,6.072712024,20.94624374,240.297291,0.925739557,1099.837335,27.01895576
1A-2,1,A,sample,UV Filtered,98.91391324,25.53482872,39.47524783,427.2655474,137.0921487,373.9340466,168.7564817,3.751183775,15.01308328,202.1022252,0.873653896,897.0381676,18.76426705
1A-3,1,A,sample,UV Filtered,82.52974948,15.87569234,33.25018308,500.6365273,175.146396,346.2585154,200.8945123,6.189150587,22.962735,224.2722714,0.929212416,1008.33306,29.15188558
1A-mean,1,A,mean,UV Filtered,89.47692813,19.75170144,36.33336863,477.817097,166.1388592,332.4682457,212.2182334,5.337682129,19.64068734,222.2239292,0.90953529,1001.736188,24.97836947
1A-dev,1,A,dev,UV Filtered,6.916625267,4.167537543,2.541710908,35.8015642,21.02709039,40.67274897,40.90068682,1.122830428,3.37417632,15.66019459,0.025411559,82.92371848,4.479482784
1B,1,B,sample,UV Transmitted,122.6580423,26.89396455,49.57013139,661.3208022,248.9761674,266.9186802,330.3159115,11.43137381,36.45003417,325.4402633,0.917361287,1439.735019,47.88140798
1B-2,1,B,sample,UV Transmitted,120.401834,26.78569968,49.2495016,549.2265317,207.4121655,283.4677542,162.6846554,7.287699856,18.87723267,283.4473668,0.90550027,1115.760388,26.16493253
1B-3,1,B,sample,UV Transmitted,92.57938504,17.36148855,39.72659569,564.5689212,209.4645397,351.272426,146.3969413,7.355641621,18.90301465,266.552624,0.934866563,1070.097872,26.25865627
1B-mean,1,B,mean,UV Transmitted,111.8797538,23.68038426,46.18207623,591.7054184,221.9509575,300.5529535,213.1325028,8.691571762,24.74342716,291.813418,0.919242707,1208.531093,33.43499892
1B-dev,1,B,dev,UV Transmitted,13.67846956,4.46835261,4.566590453,49.62239732,19.12806899,36.4949004,83.12755611,1.937531154,8.27782789,24.75791626,0.012062327,164.5452481,10.21522546
1C,1,C,sample,Site Reference,137.6929727,21.41691096,52.83412807,745.1070105,270.3742314,285.8087965,699.4611445,10.9797209,40.38361589,344.6252704,0.937854496,1926.886398,51.36333679
1C-2,1,C,sample,Site Reference,95.63756606,16.03128898,41.18566184,510.7247736,193.7751917,244.8021905,332.4976138,4.937425056,17.7389193,250.9921426,0.936128323,1189.852096,22.67634435
1C-3,1,C,sample,Site Reference,98.27106694,14.63174807,35.73875565,486.3324377,197.28734,304.482168,242.0007351,5.182321475,18.24492217,247.6578437,0.940919505,1074.262083,23.42724364
1C-mean,1,C,mean,Site Reference,110.5338686,17.35998267,43.25284852,580.7214073,220.478921,278.364385,424.6531645,7.03315581,25.45581912,281.0917522,0.938300775,1397.000193,32.48897493
1C-dev,1,C,dev,Site Reference,19.23445752,2.925027527,7.130586001,116.6639517,35.31043558,24.92641673,197.7995461,2.792433297,10.55756749,44.94559924,0.001981284,377.6460476,13.34970947
2A (outlier),2,A,sample,UV Filtered,121.4857061,37.22559957,65.11737032,642.1768246,259.1026739,226.5626028,315.7446289,14.56598827,27.79878037,361.4456438,0.897009135,1440.852803,42.36476863
2A-2,2,A,sample,UV Filtered,73.43823401,14.93002246,50.06976654,541.9688435,167.4672149,352.3215986,483.3613978,5.884769848,25.79811208,232.467004,0.935775735,1331.235479,31.68288193
2A-3,2,A,sample,UV Filtered,96.2828234,24.7096792,39.4318244,394.8541577,138.9034037,246.9411374,285.2098402,3.293431485,13.4721819,203.0449073,0.878304364,979.3917287,16.76561338
2A-4,2,A,sample,UV Filtered,89.57468938,18.14267571,41.37476851,550.7793322,167.7383255,396.1993483,275.1184298,6.052158492,22.07946108,227.2557697,0.92016627,1142.728221,28.13161957
2A-mean,2,A,mean,UV Filtered,86.4319156,19.26079246,43.62545315,495.8674445,158.0363147,331.8206948,347.8965559,5.076786608,20.44991835,220.9225603,0.911415456,1151.118476,25.52670496
2A-dev,2,A,dev,UV Filtered,9.587373167,4.070058173,4.625338855,71.51768663,13.52946385,62.63502039,95.8766627,1.262872747,5.16227959,12.8191809,0.024264819,143.7620801,6.362410985
2B,2,B,sample,UV Transmitted,118.4818201,27.0135398,36.78273361,534.6321447,171.8594847,351.253488,397.2706251,4.683578633,19.81520974,235.6557581,0.885368641,1286.040348,24.49878837
2B-2,2,B,sample,UV Transmitted,87.76943603,15.64943716,29.0920167,521.4411913,183.6990476,369.3503886,254.9246335,4.296952925,17.50261773,228.4405015,0.931494472,1092.575762,21.79957066
2B-3,2,B,sample,UV Transmitted,110.3511767,21.0632826,36.60690298,395.6012467,155.2275508,284.7306804,236.2634953,3.61838516,13.89560308,212.8977363,0.901063849,955.1136551,17.51398824
2B-mean,2,B,mean,UV Transmitted,105.5341443,21.24208652,34.16055109,483.8915276,170.2620277,335.111519,296.152918,4.199638906,17.07114352,225.6646653,0.905975654,1111.243255,21.27078242
2B-dev,2,B,dev,UV Transmitted,12.99270268,4.641097955,3.584713825,62.66248525,11.67819722,36.38265272,71.90573712,0.440274004,2.435852109,9.4959935,0.019148411,135.7435708,2.875942856
2C,2,C,sample,Site Reference,142.3297573,29.6296291,60.60780294,668.959613,276.0757891,279.9089162,271.9562487,9.21084585,23.85562007,366.3132211,0.919113951,1449.55884,33.06646592
2C-2,2,C,sample,Site Reference,92.65554413,14.8079529,38.73560267,569.2730197,241.2533281,276.1241243,241.6625354,6.62949834,17.90247792,294.7968836,0.949768964,1198.387983,24.53197626
2C-3,2,C,sample,Site Reference,81.41769655,11.73227908,29.96945694,492.0033219,202.1229669,258.9127649,228.4394903,5.277540398,15.30787269,243.8247029,0.95188232,1045.685212,20.58541309
2C-mean,2,C,mean,Site Reference,105.467666,18.72328703,43.10428752,576.7453182,239.8173613,271.6486018,247.3527581,7.039294863,19.02199023,301.6449359,0.940255078,1231.210678,26.06128509
2C-dev,2,C,dev,Site Reference,26.46611213,7.813499663,12.8838689,72.43506829,30.20818296,9.137188413,18.21558014,1.631701124,3.578265613,50.23963333,0.014973911,166.5062039,5.208855223
3A,3,A,sample,UV Filtered,113.8318899,30.0269669,54.7293847,488.9710984,180.0067096,257.3171139,316.9743289,8.542338002,19.79797453,264.7630612,0.886589289,1184.540378,28.34031253
3A-2,3,A,sample,UV Filtered,106.3278202,23.24121022,37.82729836,455.7368736,149.8344177,340.0216769,162.4270611,4.726894174,11.81825574,210.9029263,0.889801386,935.3946812,16.54514992
3A-3,3,A,sample,UV Filtered,97.34366402,28.43569134,33.65849584,379.0114605,144.0418161,243.8791451,178.8149709,3.624577796,11.85953732,206.1360033,0.862053737,861.3060987,15.48411511
3A-mean,3,A,mean,UV Filtered,105.834458,27.23462282,42.0717263,441.2398108,157.9609811,280.4059787,219.4054536,5.631269991,14.49192253,227.2673303,0.879481471,993.7470528,20.12319252
3A-dev,3,A,dev,UV Filtered,6.740324076,2.897533164,9.110688438,46.04638324,15.76703661,42.51014282,69.31524584,2.107053721,3.7519832,26.58481104,0.012392843,138.2602602,5.826505222
3B,3,B,sample,UV Transmitted,113.4380599,24.6268296,47.93794845,569.574428,200.7267192,324.4438347,309.9806453,5.614800888,19.19175208,273.2914972,0.90988805,1266.28463,24.80655297
3B-2,3,B,sample,UV Transmitted,101.5033369,20.80309306,37.04812573,428.0020844,161.3175971,311.2843927,34.73111611,3.633877513,10.91915428,219.1688159,0.905081875,783.4053532,14.55303179
3B-3,3,B,sample,UV Transmitted,102.7998627,15.12420035,34.28368047,363.1889643,130.5770293,311.1171363,167.9398099,2.980426721,8.898947974,179.9849101,0.91596962,813.913547,11.87937469
3B-mean,3,B,mean,UV Transmitted,105.9137532,20.18470767,39.75658488,453.5884922,164.2071152,315.6151213,170.8838571,4.076368374,13.00328478,224.1484077,0.910313182,954.5345102,17.07965315
3B-dev,3,B,dev,UV Transmitted,5.346752173,3.903997185,5.894153698,86.17709713,28.71128389,6.243216586,112.3894313,1.120068579,4.452950637,38.25464722,0.004455057,220.7921957,5.571705075
3C,3,C,sample,Site Reference,135.6222824,27.199252,52.66740725,704.9891818,247.341105,329.2837285,367.8836031,7.346017576,27.27880652,327.2077643,0.916874674,1535.702832,34.6248241
3C-2,3,C,sample,Site Reference,105.4562299,20.6006714,41.40192302,534.9803787,225.5874371,297.264157,318.323636,5.960127895,21.67018467,287.5900316,0.928367923,1246.350276,27.63031257
3C-3,3,C,sample,Site Reference,99.35051762,16.50082767,36.14933095,417.709272,183.8606867,245.7180589,267.8299794,4.97678037,16.93324849,236.5108454,0.930232258,1021.400614,21.91002886
3C-mean,3,C,mean,Site Reference,113.4763433,21.43358369,43.40622041,552.5596108,218.929743,290.7553148,318.0124062,6.094308614,21.96074656,283.7695471,0.925158285,1267.817907,28.05505517
3C-dev,3,C,dev,Site Reference,15.8566893,4.407144046,6.890796624,117.9384266,26.33988795,34.42459448,40.84731367,0.971879479,4.22855077,37.12528207,0.00590664,210.5110243,5.199474923
4A (outlier),4,A,sample,UV Filtered,118.3232435,26.90810667,71.07344546,624.3312784,203.336786,310.7908052,214.8458104,7.533684621,22.69598671,301.3183382,0.910698742,1258.81867,30.22967133
4A-2,4,A,sample,UV Filtered,95.57644079,18.97808258,37.6130442,504.6202949,173.4436709,239.2284974,241.2073778,5.596083507,20.77311468,230.0347976,0.917499079,1071.438911,26.36919819
4A-3,4,A,sample,UV Filtered,96.88319447,29.59322332,41.83054796,530.6643075,162.9225193,341.9369959,154.1472973,4.810138836,18.36825301,234.3462906,0.873720112,1016.04109,23.17839184
4A-4,4,A,sample,UV Filtered,107.3386415,18.27281005,46.57955844,530.2858722,167.8226054,390.0516573,169.7980174,6.223411454,21.38342829,232.6749739,0.921466371,1040.097505,27.60683974
4A-mean,4,A,mean,UV Filtered,99.93275893,22.28137198,42.00771686,521.8568249,168.0629319,323.7390502,188.3842308,5.543211266,20.17493199,232.3520207,0.904228521,1042.525835,25.71814326
4A-dev,4,A,dev,UV Filtered,5.263853093,5.178270611,3.662707197,12.18904637,4.29860248,62.90352564,37.89414994,0.578176143,1.301585543,1.774911642,0.021633417,22.68115576,1.865599473
4B,4,B,sample,UV Transmitted,122.9072313,34.93487498,42.23693863,509.8267693,152.6300029,338.1590913,221.2548843,3.387550095,17.7444826,229.8018166,0.847978247,1083.790701,21.1320327
4B-2,4,B,sample,UV Transmitted,108.1381351,34.75901357,34.41387489,395.1190254,114.9922059,285.9496567,145.4944914,2.074620121,11.06094117,184.1650944,0.811261663,832.9167463,13.13556129
4B-3,4,B,sample,UV Transmitted,95.80342791,31.69204415,33.05167822,410.3254081,112.1375451,342.4023676,130.107654,2.19807493,12.3159114,176.8812675,0.820828714,813.1177575,14.51398633
4B-mean,4,B,mean,UV Transmitted,108.9495981,33.7953109,36.56749725,438.4237343,126.5865846,322.1703718,165.6190099,2.553415049,13.70711172,196.9493928,0.826689542,909.9417351,16.26052677
4B-dev,4,B,dev,UV Transmitted,11.07994868,1.4889661,4.047288733,50.86979182,18.45231692,25.67043051,39.83885523,0.591971975,2.900460913,23.41971881,0.015551824,123.1952308,3.490338223
4C,4,C,sample,Site Reference,83.90527996,13.35460213,24.70131039,484.1205066,150.9030045,118.9200257,505.4076936,4.733206964,27.9920514,188.9589171,0.929325367,1262.392397,32.72525837
4C-2,4,C,sample,Site Reference,105.4674144,17.71870356,31.57087692,468.7529354,139.352255,279.0860208,234.5482669,3.028573642,15.5581251,188.6418355,0.906072248,997.4104521,18.58669874
4C-3,4,C,sample,Site Reference,110.361443,19.1677737,41.41315328,530.137827,172.9805025,342.8698296,341.1329633,4.590270277,26.12985278,233.5614295,0.917932624,1215.193663,30.72012306
4C-mean,4,C,mean,Site Reference,99.91137911,16.74702646,32.5617802,494.3370896,154.4119207,246.9586254,360.3629746,4.117350294,23.22667643,203.7207273,0.917776746,1158.332171,27.34402672
4C-dev,4,C,dev,Site Reference,11.49302069,2.470675782,6.858466308,26.08077397,13.95108424,94.20723902,111.4108082,0.772089663,5.475518577,21.10095991,0.009493686,115.4087801,6.24623817
5A,5,A,sample,UV Filtered,108.7088605,24.85878512,38.66533364,610.0554325,234.3650914,295.7931813,262.0111852,8.60840064,18.43016295,297.8892102,0.916550233,1278.664688,27.03856359
5A-2,5,A,sample,UV Filtered,90.24433547,16.84105991,38.31614549,513.6627865,183.9161459,258.3584844,279.8708427,5.017648371,12.41212537,239.0733513,0.929556934,1122.851316,17.42977374
5A-3,5,A,sample,UV Filtered,92.6836239,18.25261373,36.24706419,462.2919783,147.0123985,285.2301298,165.4639406,3.879272275,10.60735584,201.5120764,0.909421738,921.9516192,14.48662811
5A-mean,5,A,mean,UV Filtered,97.21227328,19.98415292,37.74284777,528.6700657,188.431212,279.7939318,235.7819895,5.835107095,13.81654805,246.1582126,0.918509635,1107.822541,19.65165515
5A-dev,5,A,dev,UV Filtered,8.190082212,3.49472463,1.067242394,61.25043358,35.80421394,15.75866577,50.25410658,2.015331709,3.344486018,39.66345439,0.008336105,146.0147287,5.359747432
5B,5,B,sample,UV Transmitted,111.6553238,23.11740223,40.08032915,556.7285834,161.6223329,354.6752499,297.7992658,3.842930708,14.0588836,224.8200643,0.897173758,1191.003237,17.9018143
5B-2,5,B,sample,UV Transmitted,105.9671258,21.11605297,38.18431762,483.4826854,132.9765765,344.8456063,244.658972,3.785690886,16.52898901,192.2769471,0.890178967,1026.38573,20.3146799
5B-3,5,B,sample,UV Transmitted,94.15835952,18.45911038,34.17471029,414.5912665,126.5933423,293.6411585,215.7670313,3.196897499,12.18152366,179.227163,0.897007183,903.7438203,15.37842116
5B-mean,5,B,mean,UV Transmitted,103.9269364,20.89752186,37.47978569,484.9341784,140.3974173,331.0540049,252.7417563,3.608506364,14.25646542,198.7747248,0.894786636,1040.377596,17.86497179
5B-dev,5,B,dev,UV Transmitted,7.287327802,1.908007274,2.461890528,58.03639282,15.23284179,26.75750713,33.97371955,0.291988005,1.780335679,19.17192389,0.003258824,117.6897685,2.015387577
5C,5,C,sample,Site Reference,121.463531,18.12170443,48.2882382,708.0130173,244.8587421,279.3693864,603.3566553,9.686383755,33.09408709,311.2686847,0.941781151,1744.101888,42.78047085
5C-2,5,C,sample,Site Reference,97.77441395,15.63421892,35.37354589,518.8869407,187.2371156,241.6052971,323.19181,5.187568066,17.58666686,238.2448804,0.934377524,1178.098045,22.77423492
5C-3,5,C,sample,Site Reference,90.32149229,14.19913,33.64813774,493.2286855,169.699827,265.1090375,327.8841651,4.582960543,18.90336537,217.5470947,0.934730776,1128.981438,23.48632591
5C-mean,5,C,mean,Site Reference,103.1864791,15.98501778,39.10330728,573.3762145,200.5985616,262.027907,418.1442101,6.485637455,23.19470644,255.6868866,0.936963151,1350.39379,29.68034389
5C-dev,5,C,dev,Site Reference,13.27716033,1.620481911,6.53281335,95.77713024,32.10515855,15.5703058,130.9789854,2.276689149,7.020528315,40.20034655,0.003409892,279.1148629,9.267749207
6A,6,A,sample,UV Filtered,100.7207108,51.84445067,51.24582383,481.5444747,190.68292,285.521812,200.9158155,6.408347309,16.17165023,293.7731945,0.823522188,1076.954196,22.57999754
6A-2,6,A,sample,UV Filtered,83.08379723,22.14881435,28.82296778,428.5203569,153.657152,283.6552582,189.8131449,4.058239202,14.09958485,204.6289341,0.891761082,906.0462331,18.15782406
6A-3,6,A,sample,UV Filtered,104.4189466,22.89942323,35.32907173,481.8226252,190.4310999,299.1006214,242.6190044,6.842294117,20.66532535,248.6595949,0.907908548,1077.520171,27.50761947
6A-mean,6,A,mean,UV Filtered,96.07448488,32.29756275,38.46595444,463.9624856,178.2570573,289.4258972,211.1159883,5.769626876,16.97885348,249.0205745,0.874397273,1020.173533,22.74848035
6A-dev,6,A,dev,UV Filtered,9.309053343,13.82513349,9.418992984,25.0616268,17.39506365,6.883372339,22.73246347,1.223032648,2.740549809,36.39388701,0.036573131,80.7005186,3.818896735
6B,6,B,sample,UV Transmitted,147.6504168,43.31439089,87.04745398,594.5122884,209.9152459,381.8498947,288.6686761,7.991647553,22.083,340.2770907,0.872708472,1371.108472,30.07464756
6B-2,6,B,sample,UV Transmitted,82.69815421,26.41670741,36.65737068,413.9910923,153.018888,295.6838593,180.0137795,4.347753634,14.23875941,216.0929661,0.877753044,892.7959922,18.58651305
6B-3,6,B,sample,UV Transmitted,98.45448804,19.37276557,25.26220794,479.3430128,159.9200639,391.7676585,334.9523132,4.569315764,18.09958776,204.5550374,0.905293139,1117.304852,22.66890353
6B-mean,6,B,mean,UV Transmitted,109.6010197,29.70128796,49.65567753,495.9487979,174.2847326,356.4338042,267.8782563,5.636238984,18.14044906,253.6416981,0.885251551,1127.069772,23.77668804
6B-dev,6,B,dev,UV Transmitted,27.66324852,10.04628315,26.84611881,74.62702654,25.35161617,43.14709232,64.93929716,1.667979734,3.202528151,61.44129661,0.014320401,195.3922932,4.754976236
6C,6,C,sample,Site Reference,137.438899,19.30700493,61.29639243,649.8123851,264.1028555,297.1911007,378.1167628,8.191661167,26.8650065,344.7062529,0.943989978,1510.0743,35.05666767
6C-2,6,C,sample,Site Reference,96.54543232,17.63660855,42.32576169,444.0139531,193.364861,282.6112993,238.125986,4.488132936,14.67930987,253.3272313,0.930380131,1032.012603,19.16744281
6C-3,6,C,sample,Site Reference,114.9864335,18.83983002,38.16280517,510.0155211,192.0792227,333.8888089,234.8348921,4.303716055,15.7413845,249.0818579,0.924362897,1108.918705,20.04510055
6C-mean,6,C,mean,Site Reference,116.3235883,18.59448117,47.2616531,534.6139531,216.5156464,304.5637363,283.6925469,5.661170053,19.09523362,282.3717807,0.932911002,1217.001869,24.75640368
6C-dev,6,C,dev,Site Reference,16.72144115,0.703658562,10.06853127,85.79844908,33.65333137,21.57332558,66.78152056,1.790910636,5.511141959,44.11118994,0.008210138,209.5983848,7.292194434
7A,7,A,sample,UV Filtered,100.2992785,26.63910022,29.34840261,603.1369852,211.5562881,294.0178582,228.9769649,7.865994748,15.37219718,267.543791,0.900430879,1199.95702,23.23819193
7A-2,7,A,sample,UV Filtered,88.41877428,19.90496129,34.76049757,502.0611149,162.1920345,336.9760555,222.889208,4.826984572,13.41368495,216.8574933,0.908211789,1030.226591,18.24066952
7A-3,7,A,sample,UV Filtered,98.29802283,19.39213396,33.65104274,551.8084366,193.1646751,353.9909281,228.6935964,6.703829629,15.37454921,246.2078518,0.921236736,1125.007908,22.07837884
7A-mean,7,A,mean,UV Filtered,95.67202519,21.97873183,32.58664764,552.3355122,188.9709992,328.3282806,226.8532565,6.465602983,14.72014378,243.5363787,0.909959801,1118.397173,21.18574676
7A-dev,7,A,dev,UV Filtered,5.193489044,3.302021924,2.334151618,41.26573433,20.36987274,25.23595696,2.805391767,1.252054222,0.923806396,20.77863917,0.008583418,69.44965082,2.135634419
7B,7,B,sample,UV Transmitted,101.8077502,22.46849483,37.47801737,432.2527685,166.7466815,286.7779045,264.4373499,3.116519901,12.81899892,226.6931937,0.900885887,1025.191062,15.93551882
7B-2,7,B,sample,UV Transmitted,81.23284874,19.50333572,26.0682085,342.3032242,120.5890252,356.4248895,159.7296996,2.251281162,9.058617905,166.1605694,0.882623562,749.426342,11.30989907
7B-3,7,B,sample,UV Transmitted,119.9101811,23.42697484,32.01126695,404.2858091,146.0237307,388.496782,171.4049774,2.374720001,9.500605827,201.4619725,0.883715152,897.06294,11.87532583
7B-mean,7,B,mean,UV Transmitted,100.9835933,21.7996018,31.8524976,392.9472673,144.4531458,343.8998587,198.524009,2.580840355,10.45940755,198.1052452,0.889074867,890.5601147,13.04024791
7B-dev,7,B,dev,UV Transmitted,15.80070536,1.670189491,4.659387686,37.58680641,18.87648204,42.46048993,46.85085848,0.382120155,1.678211727,24.82606646,0.008363533,112.6743398,2.060238192
7C,7,C,sample,Site Reference,91.09916943,12.95145519,39.19728478,574.610315,232.7381012,270.4641097,381.4553145,6.942916985,24.23109258,284.8868412,0.954538247,1332.05164,31.17400956
7C-2,7,C,sample,Site Reference,68.11522529,9.086503866,30.85721498,481.3865393,207.9214504,231.3757906,298.6957533,5.289156139,18.58717493,247.8651693,0.963340941,1096.062687,23.87633106
7C-3,7,C,sample,Site Reference,81.84652699,9.428000781,32.42527156,511.5161725,203.6979742,286.2275383,351.5650541,4.239515244,18.25045216,245.5512465,0.961604753,1190.479,22.48996741
7C-mean,7,C,mean,Site Reference,80.35364057,10.48865328,34.15992377,522.5043423,214.7858419,262.6891462,343.9053739,5.490529456,20.35623989,259.434419,0.95982798,1206.197776,25.84676935
7C-dev,7,C,dev,Site Reference,9.442349792,1.747035578,3.619019644,38.84347215,12.81072851,23.05813087,34.21782449,1.112806857,2.743380893,18.02235474,0.003806971,96.98111985,3.809209657
8A,8,A,sample,UV Filtered,114.9010678,25.62404551,44.40937411,540.2855741,153.2971147,429.5507886,189.3401199,5.473572867,25.6416709,223.3305344,0.88526403,1067.857296,31.11524376
8A-2,8,A,sample,UV Filtered,118.6866228,34.83794812,49.43716522,503.1704093,155.1309028,441.6221256,146.5953834,5.517082167,17.90192462,239.4060161,0.854481735,1007.858432,23.41900679
8A-3,8,A,sample,UV Filtered,104.8812091,25.92574616,42.35462936,504.0062956,150.3563118,460.9198842,178.050179,3.868138864,21.04178393,218.6366873,0.881420879,1005.574371,24.9099228
8A-mean,8,A,mean,UV Filtered,112.8229665,28.79591326,45.40038956,515.8207597,152.9281098,444.0309328,171.3285608,4.952931299,21.52845982,227.1244126,0.873722215,1027.0967,26.48139112
8A-dev,8,A,dev,UV Filtered,5.824445056,4.274138879,2.975137226,17.30260163,1.966605088,12.91915386,18.08615012,0.76726972,3.178422897,8.893307941,0.013695242,28.83717399,3.332681644
8B,8,B,sample,UV Transmitted,121.3038396,35.55356354,56.49872137,498.9192997,154.7812801,420.3607279,149.4930159,4.508479688,17.45799026,246.833565,0.85596139,1016.54972,21.96646995
8B-2,8,B,sample,UV Transmitted,124.3613243,44.04904712,51.10082957,532.0768552,164.5881773,455.1761729,147.803933,4.658576429,16.2594048,259.738054,0.830409728,1063.980167,20.91798123
8B-3,8,B,sample,UV Transmitted,123.0508505,34.6216869,43.23642219,493.2646787,138.5908687,443.340052,138.7429075,3.535965903,16.07497347,216.4489778,0.840046891,971.5074146,19.61093937
8B-mean,8,B,mean,UV Transmitted,122.9053382,38.07476585,50.27865771,508.0869446,152.653442,439.625651,145.3466188,4.234340673,16.59745617,241.0068656,0.842139337,1017.345767,20.83179685
8B-dev,8,B,dev,UV Transmitted,1.252446556,4.241550507,5.445433548,17.11978475,10.71947712,14.45398179,4.720169664,0.4976128,0.613130172,18.14660389,0.010535831,37.75603911,0.963570404
8C-1,8,C,sample,Site Reference,105.4937563,20.09914805,49.90118632,586.4793246,278.3027192,330.2434257,154.1069936,9.369289074,21.74511977,348.3030536,0.94229408,1194.383128,31.11440885
8C-2,8,C,sample,Site Reference,107.4970104,20.3421726,50.38118911,570.9814383,274.1107591,347.773462,151.1410417,8.640588016,23.38357218,344.8341208,0.941008817,1174.453611,32.0241602
8C-3,8,C,sample,Site Reference,100.8801919,20.21530589,60.83263765,600.0217722,274.0611587,337.5016102,166.3178015,10.13513671,24.28718774,355.1091022,0.943072972,1222.328868,34.42232445
8C-mean,8,C,mean,Site Reference,104.6236529,20.21887551,53.70500436,585.8275117,275.4915457,338.5061659,157.1886122,9.381671267,23.13862656,349.4154256,0.94212529,1197.055202,32.52029783
8C-dev,8,C,dev,Site Reference,2.770485154,0.099246458,5.043805963,11.86462228,1.987903002,7.191772718,6.567891061,0.610209767,1.052148959,4.267851853,0.000851098,19.63610672,1.395275556
9A,9,A,sample,UV Filtered,124.5505963,32.1468665,41.42426115,737.767047,320.3555353,246.4394756,344.0490981,13.81272214,32.71448732,393.926663,0.918393779,1600.293404,46.52720946
9A-2,9,A,sample,UV Filtered,108.5808847,32.26570838,39.31162616,529.2973367,202.2237686,226.8790662,172.4008884,6.716157792,17.68658942,273.8011032,0.882156397,1084.080213,24.40274721
9A-3,9,A,sample,UV Filtered,116.4814695,30.08981901,35.87353358,537.9046314,195.7912314,333.2640819,150.1777508,5.549900054,13.80099368,261.754584,0.885045685,1066.318436,19.35089373
9A-mean,9,A,mean,UV Filtered,116.5376502,31.50079797,38.86980697,601.6563384,239.4568451,268.8608746,222.2092458,8.692926661,21.40069014,309.82745,0.89519862,1250.230684,30.0936168
9A-dev,9,A,dev,UV Filtered,6.519728489,0.998891738,2.287509166,96.3089305,57.26425846,46.23477941,86.63016864,3.651416946,8.155814635,59.67013698,0.016443814,247.6379093,11.80190752
9B,9,B,sample,UV Transmitted,149.1436275,46.67677724,52.89810299,578.2209266,221.16015,285.0730285,203.0280612,8.675477897,21.83488871,320.7350303,0.854469351,1251.127646,30.51036661
9B-2,9,B,sample,UV Transmitted,96.3727933,22.76426844,39.16946696,496.0102876,209.2338342,252.9441509,186.343342,4.910186013,13.85043814,271.1675696,0.916050918,1049.893993,18.76062415
9B-3,9,B,sample,UV Transmitted,99.05185036,22.19052447,32.49495405,455.4604108,179.1415956,305.8491401,122.3592379,3.589247569,10.75147406,233.8270741,0.905098567,910.6985731,14.34072163
9B-mean,9,B,mean,UV Transmitted,114.8560904,30.54385672,41.52084134,509.8972083,203.1785266,281.2887732,170.5768804,5.724970493,15.47893363,275.2432247,0.891872945,1070.573404,21.20390413
9B-dev,9,B,dev,UV Transmitted,24.26960701,11.41010192,8.493873981,51.06969738,17.68030528,21.76350017,34.76876711,2.154892116,4.66901262,35.59687659,0.026823624,139.7467158,6.823565416
9C (outlier),9,C,sample,Site Reference,113.471932,16.85244219,43.51430053,810.6138326,344.8051721,237.8602502,344.5798623,10.49969924,29.13976541,405.1719148,0.958406687,1673.837542,39.63946465
9C-2,9,C,sample,Site Reference,107.9528262,25.99445855,52.33057537,467.3775089,192.6871492,212.2151245,169.0020323,5.004069871,13.57752568,271.0121831,0.904083801,1015.344551,18.58159555
9C-3,9,C,sample,Site Reference,97.51915664,11.28225374,40.29638603,652.1993394,271.0201245,273.032981,232.8905109,7.873836955,23.47470343,322.5987643,0.965026978,1305.207771,31.34854038
9C-4,9,C,sample,Site Reference,109.9911,18.06340327,48.72092846,645.5150078,240.5260855,388.8918655,174.2681105,8.986857936,25.9666173,307.3104173,0.941220986,1237.084636,34.95347524
9C-mean,9,C,mean,Site Reference,105.1543609,18.44670519,47.11596329,588.363952,234.7444531,291.3799903,192.0535513,7.288254921,21.00628214,300.3071215,0.936777255,1185.878986,28.29453706
9C-dev,9,C,dev,Site Reference,5.462654927,6.01234468,5.042311847,85.59384574,32.23956379,73.28541133,28.95601088,1.677861721,5.350528046,21.63451643,0.025077583,123.7515942,7.023997596
11A (outlier),11,A,sample,UV Filtered,49.92938247,37.77384689,45.13551204,604.6828732,242.0123329,259.9852865,526.2463719,6.403572236,28.29805828,324.9216918,0.883744767,1505.780319,34.70163052
11A-2,11,A,sample,UV Filtered,104.3788839,29.22884204,40.59429443,440.8935624,146.8733964,271.6971003,292.8378165,2.591430952,13.5022783,216.6965328,0.865116245,1054.806796,16.09370925
11A-3,11,A,sample,UV Filtered,76.95047494,18.94145093,33.07733029,392.5540963,129.4237399,311.6302274,143.7142278,2.714795344,11.77675658,181.4425212,0.895606329,794.6613202,14.49155192
11A-4,11,A,sample,UV Filtered,114.9843762,41.14597091,48.42171522,430.2097554,133.9174093,417.0269049,145.5913755,3.047928495,14.29476,223.4850954,0.815889418,914.2706026,17.34268849
11A-mean,11,A,mean,UV Filtered,98.77124501,29.77208796,40.69777998,421.219138,136.7381819,333.4514109,194.0478066,2.784718263,13.19126496,207.2080498,0.858870664,921.2462395,15.97598322
11A-dev,11,A,dev,UV Filtered,16.02557584,9.073092599,6.264746291,20.73321647,7.397756227,61.30421986,69.85928934,0.192811502,1.051231747,18.42856471,0.032842573,106.3184265,1.166944586
11B,11,B,sample,UV Transmitted,116.1385692,23.84311916,25.00699774,555.1641707,197.7709203,353.7288854,495.1839492,3.651130189,26.54428629,246.6210372,0.903320822,1413.107726,30.19541648
11B-3,11,B,sample,UV Transmitted,74.68086863,17.99572615,24.01370504,352.7765016,117.4017636,295.1944905,220.2591957,1.767781069,12.92896238,159.4111948,0.887111277,807.1277606,14.69674344
11B-2,11,B,sample,UV Transmitted,91.42974175,24.65780591,28.57943379,385.0247678,128.0417659,319.2348405,221.4382865,1.97574239,14.67756455,181.2790056,0.863978701,879.1718017,16.65330694
11B-mean,11,B,mean,UV Transmitted,94.08305984,22.16555041,25.86671219,430.98848,147.7381499,322.7194055,312.2938104,2.464884549,18.05027107,195.7704125,0.8848036,1033.135763,20.51515562
11B-dev,11,B,dev,UV Transmitted,17.02870725,2.967210178,1.96057839,88.78697082,35.64417668,24.02325946,129.3237532,0.843087981,6.048450119,37.04852504,0.016144032,270.2857817,6.891425729
11C (outlier),11,C,sample,Site Reference,115.8520105,19.23567406,39.81886651,668.8336144,283.681746,273.803509,494.7229441,4.792487349,27.5241888,342.7362866,0.943876167,1622.144856,32.31667615
11C-2,11,C,sample,Site Reference,87.61953342,13.60334751,37.0205951,468.6016516,181.3164222,231.6510261,271.4467239,2.911338732,14.37564322,231.9403648,0.941349805,1059.608274,17.28698195
11C-3,11,C,sample,Site Reference,71.46121676,9.036883493,35.81396729,518.4628242,214.9818831,231.5183347,378.5966536,4.292966963,22.15165636,259.8327339,0.965220381,1228.353428,26.44462332
11C-4,11,C,sample,Site Reference,97.63766232,15.75259112,46.70572713,542.9151002,195.5394888,360.2921641,309.4114149,3.975393668,22.33927752,257.9978071,0.938942926,1207.961984,26.31467119
11C-mean,11,C,mean,Site Reference,85.57280417,12.79760738,39.84676317,509.993192,197.2792647,274.487175,319.8182642,3.726566454,19.62219237,249.9236352,0.948504371,1165.307896,23.34875882
11C-dev,11,C,dev,Site Reference,10.7840438,2.800249407,4.874971972,30.92381136,13.79881466,60.67331383,44.35841702,0.590852705,3.710661117,12.7381383,0.011860776,75.20310405,4.28665184
12A,12,A,sample,UV Filtered,105.5997747,21.54394794,48.50923399,600.4635245,236.9293377,234.9522364,345.7092108,7.350465558,16.38694794,306.9825197,0.929820278,1358.75503,23.7374135
12A-2,12,A,sample,UV Filtered,72.936372,11.00115586,35.88468424,496.5676769,176.0483812,276.3771982,201.8413284,5.054433514,12.8158964,222.9342213,0.950652906,994.2795985,17.87032992
12A-3,12,A,sample,UV Filtered,127.5438378,23.33220701,42.10416867,438.4477148,150.0283892,324.2874671,172.3681242,3.393821751,8.216902785,215.4647649,0.891712192,953.8244418,11.61072454
12A-mean,12,A,mean,UV Filtered,102.0266615,18.62577027,42.16602897,511.8263054,187.6687027,278.5389673,239.9728878,5.266240274,12.47324904,248.460502,0.924061792,1102.286357,17.73948932
12A-dev,12,A,dev,UV Filtered,22.43611945,5.440620448,5.15413647,67.01691308,36.41627491,36.50297517,75.72888017,1.622221549,3.344195457,41.49351848,0.024404536,182.1012358,4.951564451
12B,12,B,sample,UV Transmitted,105.7877155,30.27836136,41.75401006,500.8485127,169.1518067,279.4719063,216.5483962,4.698217134,9.889893553,241.1841781,0.874459587,1064.368802,14.58811069
12B-2,12,B,sample,UV Transmitted,87.4937784,21.28158957,30.43709542,455.1967218,161.9524829,279.4425475,183.9896708,3.716160871,9.440508211,213.6711679,0.900400275,940.3513389,13.15666908
12B-3,12,B,sample,UV Transmitted,104.1131265,20.71957998,41.45809152,462.8210933,165.1305338,333.9194852,209.7058622,3.535309236,10.03718336,227.3082053,0.908848077,1003.948287,13.5724926
12B-mean,12,B,mean,UV Transmitted,99.13154013,24.09317697,37.88306567,472.9554426,165.4116078,297.611313,203.414643,3.98322908,9.789195042,227.3878504,0.894569313,1002.889476,13.77242412
12B-dev,12,B,dev,UV Transmitted,8.257488953,4.379599915,5.266481851,19.96747821,2.9458239,25.6737576,14.01670976,0.51093559,0.253785279,11.23228057,0.014631978,50.63545285,0.601240788
12C,12,C,sample,Site Reference,106.3697173,20.33624131,39.37980854,637.9593451,291.0542089,232.5430851,660.5793722,7.83793724,26.70180687,350.7702588,0.942024043,1755.678693,34.53974411
12C-2,12,C,sample,Site Reference,80.81051121,12.65961964,34.92336983,470.8785497,190.5213571,217.6134131,432.8978643,4.20114386,15.35268444,238.1043466,0.946831632,1222.691272,19.5538283
12C-3,12,C,sample,Site Reference,91.95731181,13.81063481,36.00796269,514.558753,214.461048,252.5525287,466.8875096,5.107871899,17.6891431,264.2796455,0.947742344,1337.68322,22.797015
12C-mean,12,C,mean,Site Reference,93.04584676,15.60216525,36.77038035,541.1322159,232.0122047,234.2363423,520.121582,5.715651,19.9145448,284.3847503,0.945532673,1438.684395,25.6301958
12C-dev,12,C,dev,Site Reference,10.46285285,3.38031715,1.897528572,70.75125321,42.87770127,14.3139976,100.2833223,1.545663417,4.893189455,48.1425894,0.00250868,229.0121189,6.437629135
13A,13,A,sample,UV Filtered,96.03895343,22.64039171,44.28113405,370.3114796,122.0003648,219.1940419,237.0296187,5.071097394,18.82500049,188.9218906,0.88016004,892.3019422,23.89609788
13A-2,13,A,sample,UV Filtered,71.33820878,15.76972083,15.1935109,373.8952597,127.9357606,300.8122746,152.3202983,4.319112489,9.611430229,158.8989923,0.900756319,756.4527592,13.93054272
13A-3,13,A,sample,UV Filtered,102.8246716,22.4510063,33.09955655,475.7755597,155.5362626,357.1240384,190.0132637,4.608650294,9.912074501,211.0868254,0.893640893,979.7003204,14.5207248
13A-mean,13,A,mean,UV Filtered,90.06727794,20.28703961,30.85806717,406.6607663,135.1574627,292.3767849,193.1210602,4.666286726,12.78283507,186.3025694,0.891519084,876.1516739,17.4491218
13A-dev,13,A,dev,UV Filtered,13.53009033,3.195162329,11.98027994,48.89343426,14.61229723,56.62472427,34.65218644,0.309689945,4.274218753,21.3859473,0.008541203,91.85311382,4.565063284
13B,13,B,sample,UV Transmitted,149.6572866,36.07043145,39.14472579,636.0222614,227.9152203,352.7411285,343.8358232,6.080047965,18.41933203,303.1303775,0.881006873,1432.645749,24.49937999
13B-2,13,B,sample,UV Transmitted,105.9981661,25.90461478,35.30271505,454.2749707,133.7538737,302.6217177,215.8470602,3.237730486,16.12845651,194.9612036,0.867129386,971.0814005,19.366187
13B-3,13,B,sample,UV Transmitted,101.6089349,24.25621099,30.64019466,415.080838,140.6985417,349.3673466,197.0694715,2.258760046,11.25180534,195.5949474,0.875987538,909.3541918,13.51056539
13B-mean,13,B,mean,UV Transmitted,119.0881292,28.74375241,35.02921183,501.79269,167.4558786,334.9100643,252.250785,3.858846166,15.26653129,231.2288428,0.874707932,1104.360447,19.12537746
13B-dev,13,B,dev,UV Transmitted,21.68980366,5.224268887,3.477342417,96.25392939,42.84511722,22.87281637,65.21254418,1.620678635,2.988929131,50.84272107,0.005737259,233.4965975,4.489395175
13C,13,C,sample,Site Reference,118.9297558,17.39074431,41.35626578,638.4029533,259.114375,269.3894223,571.6882058,9.046221027,27.45191429,317.8613851,0.945288276,1646.8823,36.49813532
13C-2,13,C,sample,Site Reference,101.8878974,18.28671826,38.89453142,474.3616221,195.0491099,264.0151705,330.2248941,3.215810893,14.09893477,252.2303595,0.927499932,1158.704773,17.31474566
13C-3,13,C,sample,Site Reference,101.6082201,20.14614554,34.29300595,453.3085096,177.233102,303.6131053,232.2525131,3.515395345,11.79428538,231.6722535,0.913040318,1018.841496,15.30968073
13C-mean,13,C,mean,Site Reference,107.4752911,18.60786937,38.18126772,522.0243617,210.4655289,279.0058994,378.0552044,5.259142422,17.78171148,267.254666,0.928609509,1274.809523,23.0408539
13C-dev,13,C,dev,Site Reference,8.100334387,1.147580789,2.927338805,82.73971569,35.16044367,17.53770385,142.6416286,2.680660489,6.902292807,36.75539815,0.013188532,269.2199194,9.550877401
14A,14,A,sample,UV Filtered,118.4304192,27.50331447,41.41164292,626.1833085,213.475554,309.065571,319.7235358,7.335872315,20.24938395,282.3905114,0.902605387,1346.727775,27.58525626
14A-2,14,A,sample,UV Filtered,89.31020503,22.613818,36.46134968,511.8347113,177.6113416,374.4403941,257.4062995,4.573696925,14.58959451,236.6865093,0.904456667,1095.237725,19.16329143
14A-3,14,A,sample,UV Filtered,93.12650358,20.94609734,33.21539003,438.805149,145.3933655,327.9867193,158.6262051,3.84626128,9.096733812,199.5548529,0.895035891,890.1127106,12.94299509
14A-mean,14,A,mean,UV Filtered,100.2890426,23.68774327,37.02946088,525.6077229,178.8267537,337.1642281,245.2520135,5.251943507,14.64523742,239.5439579,0.900699315,1110.692737,19.89718093
14A-dev,14,A,dev,UV Filtered,12.9221565,2.782595996,3.370133837,77.11426825,27.80772094,27.46679056,66.32687985,1.503187749,4.553220351,33.87782301,0.00407534,186.7323794,6.000161019
14B,14,B,sample,UV Transmitted,131.7677234,35.95656349,38.29877664,639.6013257,224.808287,326.4628107,375.3433619,7.333479035,15.50012181,299.0636272,0.87976952,1445.776038,22.83360085
14B-2,14,B,sample,UV Transmitted,94.18246369,27.00409819,36.40418851,413.8353399,134.5453042,262.3467138,230.2222387,2.97737602,10.89721088,197.9535909,0.863583691,936.1936333,13.8745869
14B-3,14,B,sample,UV Transmitted,91.06512463,22.06554313,30.12608793,425.3287555,134.5431062,276.0061883,240.0113895,3.442969917,9.734224279,186.7347372,0.881834824,943.1400068,13.1771942
14B-mean,14,B,mean,UV Transmitted,105.6717706,28.34206827,34.94301769,492.921807,164.6322325,288.2719042,281.8589967,4.584608324,12.04385232,227.9173185,0.875062678,1108.369893,16.62846065
14B-dev,14,B,dev,UV Transmitted,18.49645942,5.74936139,3.492799767,103.824164,42.55089625,27.57479903,66.22412335,1.953016822,2.489643019,50.51609382,0.008160544,238.5990266,4.396924138
14C,14,C,sample,Site Reference,105.6638243,19.17364418,46.53979799,613.1493866,273.1056181,225.867711,414.7090844,7.759412779,24.09151755,338.8190603,0.943410373,1472.341356,31.85093033
14C-2,14,C,sample,Site Reference,89.99134446,15.69791965,35.59751664,537.2059648,230.079826,231.3864586,305.5175221,4.578197609,14.81239876,281.3752623,0.944210022,1214.090094,19.39059636
14C-3,14,C,sample,Site Reference,103.8719863,16.75864817,35.70794651,473.2315019,194.2619472,287.4677621,185.1820441,4.393238463,16.02858154,246.7285419,0.932076573,1009.014074,20.42182
14C-mean,14,C,mean,Site Reference,99.84238503,17.21007067,39.28175371,541.1956178,232.4824638,248.2406439,301.8028835,5.576949617,18.31083261,288.9742882,0.939898989,1231.815174,23.88778223
14C-dev,14,C,dev,Site Reference,7.004042688,1.454419,5.132410331,57.19085947,32.23259855,27.82911241,93.74082876,1.545080702,4.117605606,37.97784259,0.005540909,189.5673605,5.646512274
15A,15,A,sample,UV Filtered,56.70071612,11.15139858,23.5943428,375.4373176,148.9584415,139.0537382,212.5342319,3.948504314,16.00117918,183.7041829,0.939296981,828.3764485,19.94968349
15A-2,15,A,sample,UV Filtered,89.7771899,17.0099596,35.09320561,460.7469379,173.7800935,228.0308721,291.6347144,3.861535966,17.53257551,225.8832587,0.924695793,1068.042101,21.39411148
15A-3,15,A,sample,UV Filtered,102.0686531,12.80073093,34.82147532,465.8840687,181.523188,300.6640446,186.8219587,3.814568634,14.92695599,229.1453942,0.94413708,983.9200748,18.74152462
15A-mean,15,A,mean,UV Filtered,82.84885306,13.6540297,31.16967458,434.0227747,168.087241,222.582885,230.3303017,3.874869638,16.15357023,212.9109453,0.936043284,960.1128747,20.02843987
15A-dev,15,A,dev,UV Filtered,19.15835442,2.466681093,5.357717047,41.4792267,13.89057485,66.08950096,44.60159574,0.055485924,1.06918366,20.69519441,0.008263607,99.28072426,1.084345019
15B,15,B,sample,UV Transmitted,131.6921695,29.75472375,35.17166537,552.4515909,197.1758837,367.0353381,246.4593303,3.411129993,19.17338329,262.1022728,0.886476666,1192.705364,22.58451328
15B-2,15,B,sample,UV Transmitted,91.72987718,21.40781654,26.17201755,388.983992,143.6445456,292.226398,164.9611175,2.177587472,10.83937272,191.2243797,0.888048707,836.8993664,13.01696019
15B-3,15,B,sample,UV Transmitted,98.04147077,21.85190829,31.05295257,395.2792925,140.0241786,330.9635048,162.5749256,2.101490243,11.16077953,192.9290395,0.886736033,848.8247283,13.26226977
15B-mean,15,B,mean,UV Transmitted,107.1545058,24.33814952,30.7988785,445.5716251,160.281536,330.0750803,191.3317911,2.563402569,13.72451185,215.418564,0.887087136,959.4764861,16.28791442
15B-dev,15,B,dev,UV Transmitted,17.541033,3.834384921,3.678480704,75.61923481,26.13007764,30.54708228,38.99322728,0.600238306,3.855167578,33.01770202,0.000688129,164.9895664,4.453493921
15C,15,C,sample,Site Reference,110.9262374,14.65405796,40.81360447,653.1878553,272.9613446,257.2607665,553.784177,6.405705691,32.066086,328.4290071,0.955381353,1646.327277,38.47179169
15C-2,15,C,sample,Site Reference,115.8524424,18.539272,45.34369867,393.3646257,160.8955734,285.7658853,137.6816262,6.554962745,32.6286247,224.7785441,0.917522057,871.6772384,39.18358745
15C-3,15,C,sample,Site Reference,92.51188365,12.02427659,33.84808454,461.7623623,199.4933622,263.8539436,270.1143232,5.153096214,16.83057762,245.3657233,0.950994473,1069.754293,1692.149589
15C-mean,15,C,mean,Site Reference,106.4301878,15.07253552,40.00179589,502.7716144,211.1167601,268.9601984,320.5267088,6.03792155,27.17509611,266.1910915,0.941299294,1195.919603,589.9349895
15C-dev,15,C,dev,Site Reference,10.04510716,2.676145726,4.728041238,109.9646814,46.48305644,12.18443896,173.5730195,0.628626186,7.318283474,44.8042155,0.016908163,328.5918791,779.3834721
16A,16,A,sample,UV Filtered,102.6348809,17.80883696,45.13468595,690.1639645,242.6612702,265.326596,329.0932668,13.06013871,28.31027488,305.6047931,0.941725924,1427.496905,41.37041359
16A-2,16,A,sample,UV Filtered,100.6381632,16.79831255,40.0131419,552.0734708,179.5188335,264.796217,294.1848688,6.409476665,16.96632667,236.330288,0.928920188,1183.226791,23.37580333
16A-3,16,A,sample,UV Filtered,101.7450862,19.18543205,40.68935127,475.8534273,157.7410539,302.2648758,157.0261634,5.468613235,13.37534826,217.6158372,0.911838071,952.2405141,18.84396149
16A-mean,16,A,mean,UV Filtered,101.6727101,17.93086052,41.94572637,572.6969542,193.3070525,277.4625629,260.101433,8.312742871,19.55064993,253.1836394,0.927494727,1187.654737,27.86339281
16A-dev,16,A,dev,UV Filtered,0.81676153,0.978349692,2.271770556,88.69892009,36.01339588,17.53922019,74.26543597,3.378819464,6.365116042,37.84653823,0.012243227,194.0478711,9.728449876
16B,16,B,sample,UV Transmitted,104.5026875,21.39400877,37.84084058,501.3478928,156.31401,301.7472064,209.3826764,4.531445432,11.79439067,215.5488594,0.900746361,1030.782116,16.3258361
16B-2,16,B,sample,UV Transmitted,111.0129665,14.97557597,38.13479423,505.8009548,151.5412913,301.1808825,220.0002215,4.715046011,11.57097043,204.6516615,0.926824068,1041.465804,16.28601644
16B-3,16,B,sample,UV Transmitted,112.659602,23.53999889,36.44611908,527.110127,176.6886683,286.2392603,259.9074655,5.012598494,14.53854494,236.6747863,0.900538628,1136.351981,19.55114343
16B-mean,16,B,mean,UV Transmitted,109.391752,19.96986121,37.47391796,511.4196582,161.5146565,296.3891164,229.7634545,4.753029979,12.63463534,218.9584357,0.909369686,1069.5333,17.38766532
16B-dev,16,B,dev,UV Transmitted,3.5218429,3.638542036,0.73660487,11.24279174,10.90512678,7.180755059,21.75130825,0.198257667,1.349353661,13.2938341,0.012342404,47.44883095,1.529896412
16C,16,C,sample,Site Reference,97.32084862,15.24066747,35.36735358,679.3649404,218.928094,313.5170097,361.5793311,7.785896819,19.61384997,269.5361151,0.943455936,1407.801235,27.39974679
16C-2,16,C,sample,Site Reference,107.3493995,11.82516351,37.32787684,536.3056546,176.6885952,265.9087115,231.5608046,5.534506994,14.40507389,225.8416355,0.947639577,1101.057494,19.93958089
16C-3,16,C,sample,Site Reference,117.6428359,15.1881166,43.28557255,529.6789022,179.9735481,284.9420346,233.2148721,5.608481776,14.73642575,238.4472373,0.936304078,1118.983847,20.34490753
16C-mean,16,C,mean,Site Reference,107.4376947,14.08464919,38.66026766,581.7831658,191.8634124,288.1225853,275.4516693,6.30962853,16.2517832,244.6083293,0.94246653,1209.280859,22.56141173
16C-dev,16,C,dev,Site Reference,8.29665147,1.597841682,3.367095372,69.05374971,19.18455057,19.56569173,60.90519729,1.04431608,2.381185727,18.36248308,0.004680283,140.5657459,3.42521892
17A,17,A,sample,UV Filtered,128.4680917,32.1020047,55.06030174,807.1473539,275.5622237,295.9422746,525.61217,14.53651976,37.85295127,362.7245302,0.911497563,1823.952146,52.38947102
17A-2,17,A,sample,UV Filtered,111.6289628,21.48140834,36.00739593,474.3885449,140.00408,309.8337815,194.976648,4.023980342,11.16998632,197.4928843,0.891229457,978.48704,15.19396666
17A-3,17,A,sample,UV Filtered,113.7175952,24.48099402,36.50441541,450.7130218,155.8349285,297.1289003,128.7688616,3.717281545,10.67061683,216.8203379,0.887090878,910.0198166,14.38789837
17A-mean,17,A,mean,UV Filtered,117.9382166,26.02146902,42.52403769,577.4163069,190.4670774,300.9683188,283.1192265,7.425927216,19.89785147,259.0125841,0.896605966,1237.486334,27.32377869
17A-dev,17,A,dev,UV Filtered,7.494411225,4.470575218,8.86679928,162.731677,60.5174459,6.287518956,173.5856915,5.029506986,12.69780949,73.75867601,0.010664637,415.634897,17.72717567
17B,17,B,sample,UV Transmitted,125.7546353,30.4953712,43.61147175,488.9999772,152.77504,290.4117103,332.142457,3.838368847,16.10201432,226.881883,0.865589219,1173.778952,19.94038317
17B-2,17,B,sample,UV Transmitted,95.04453259,13.99298975,36.36551831,413.3755639,122.8596364,321.0819119,220.9612449,6.796241069,9.924422372,173.2181444,0.919217529,902.5994858,16.72066344
17B-3,17,B,sample,UV Transmitted,122.742231,24.79492828,40.35929246,452.7337508,135.8264297,336.1713967,250.1701898,3.412044309,15.24425382,200.9806504,0.876630272,1026.626822,18.65629813
17B-mean,17,B,mean,UV Transmitted,114.5137997,23.09442974,40.11209417,451.7030973,137.153702,315.8883397,267.7579639,4.682218075,13.75689684,200.360226,0.887145673,1034.335087,18.43911491
17B-dev,17,B,dev,UV Transmitted,15.35505137,8.251190726,3.622976722,37.81220663,14.95770183,15.33510081,55.59060604,1.478936111,3.088795975,26.83186928,0.026814155,135.5897333,1.609859864
17C,17,C,sample,Site Reference,102.463351,11.49842135,31.70184769,694.7477394,238.2643069,223.1052388,654.2430931,9.191256975,29.60264197,281.4645759,0.959147892,1732.918759,38.79389894
17C-2,17,C,sample,Site Reference,94.96192528,10.88219137,32.30622494,450.3396154,163.5700586,294.829061,180.871122,3.837402325,10.68731138,206.758475,0.947367616,932.9311376,14.5247137
17C-3,17,C,sample,Site Reference,120.3780512,19.15608747,38.34106641,480.0684099,166.2531153,286.7648603,238.3667415,4.027964595,13.73363348,223.7502691,0.914386304,1062.563472,17.76159808
17C-mean,17,C,mean,Site Reference,105.9344425,13.84556673,34.11637968,541.7185882,189.3624936,268.2330534,357.8269855,5.685541298,18.00786228,237.32444,0.940300604,1242.804456,23.69340357
17C-dev,17,C,dev,Site Reference,10.66243314,3.763522975,2.997476875,108.8864581,34.59614819,32.07956328,210.9080656,2.480135789,8.292535063,31.97336356,0.018944778,350.5806214,10.7591225
18A-2,18,A,sample,UV Filtered,85.52102811,19.3855338,33.79593208,432.8904232,165.5939907,296.1544069,188.636982,4.753807777,13.329174,218.7754566,0.911390729,925.8238899,18.08298177
18A-3,18,A,sample,UV Filtered,93.16660918,17.49819037,34.70001756,436.2669695,155.4868595,259.1075618,141.7896487,4.864808474,13.59167723,207.6850674,0.915746517,878.9082948,18.4564857
18A-4,18,A,sample,UV Filtered,101.2793878,23.12581187,30.31928554,387.1906582,114.6796408,272.5616308,124.6485323,3.239701438,9.314085207,168.1247382,0.862448488,781.2433165,12.55378664
18A-mean,18,A,mean,UV Filtered,93.32234168,20.00317868,32.93841173,418.7826836,145.253497,275.9411998,151.691721,4.286105896,12.07831214,198.1950874,0.896528578,861.9918337,16.36441804
18A-dev,18,A,dev,UV Filtered,6.434265782,2.33860996,1.888422467,22.38142561,22.00922589,15.31194084,27.0452547,0.741306058,1.957539255,21.73965052,0.024163783,60.22463805,2.698834318
18B,18,B,sample,UV Transmitted,115.6053635,22.9139966,39.86041065,602.0039034,209.9866614,314.7635314,366.3664936,4.864296517,20.78841012,272.7610686,0.915992423,1356.736829,25.65270664
18B-2,18,B,sample,UV Transmitted,98.08993453,28.25348388,41.81796425,462.7958017,164.7285997,242.1613003,293.5353962,3.832069307,12.15317531,234.8000479,0.879670025,1089.22118,15.98524462
18B-3,18,B,sample,UV Transmitted,97.23182242,16.96173519,38.66926431,420.0727824,152.3130845,282.7927247,141.1741484,3.382904883,9.335223363,207.944084,0.918431268,866.4228372,12.71812825
18B-4,18,B,sample,UV Transmitted,105.8990814,15.91435118,36.90171922,455.2202737,151.6505495,283.1760976,193.7190589,4.220992623,13.06358702,204.4666199,0.922166507,959.3050339,17.28457964
18B-mean,18,B,mean,UV Transmitted,104.2065505,21.01089171,39.31233961,485.0231903,169.6697238,280.7234135,248.6987742,4.075065833,13.83509895,229.9929551,0.909065056,1067.92147,17.91016478
18B-dev,18,B,dev,UV Transmitted,7.396915269,4.961031734,1.789076101,69.43578575,23.85274476,25.76850747,87.23578555,0.543671268,4.243274511,27.3402916,0.017113081,184.5719498,4.769718864
18C,18,C,sample,Site Reference,118.8054017,16.95093736,48.88390078,741.3487518,284.9599356,266.9812658,493.5604047,10.90318657,28.65527507,350.7947737,0.951678478,1704.509332,39.55846164
18C-2,18,C,sample,Site Reference,102.8082306,18.74297432,35.03730287,483.9672287,178.9184449,218.2251572,285.8948403,4.700548884,14.27991049,232.6987221,0.919453901,1105.369022,18.98045938
18C-3,18,C,sample,Site Reference,166.8874836,21.58352023,44.44819334,530.3743187,192.6401212,323.4701995,243.2360868,5.944106045,17.05786163,258.6718348,0.916560223,1199.169724,23.00196767
18C-4,18,C,sample,Site Reference,105.8588899,12.93728866,35.71450372,493.7289024,177.9749447,254.3921066,253.0089028,3.990852112,15.14956673,226.6267371,0.94291367,1079.223432,19.14041884
18C-mean,18,C,mean,Site Reference,123.5900015,17.55368014,41.02097518,562.3548004,208.6233616,265.7671823,318.9250587,6.384673402,18.78565348,267.1980169,0.932651568,1272.067877,25.17032688
18C-dev,18,C,dev,Site Reference,25.70913589,3.135618001,5.863753002,104.7803788,44.45347015,37.81781554,102.0566748,2.700820088,5.786137351,49.742697,0.015003698,253.6223772,8.461596395
19A,19,A,sample,UV Filtered,106.8284921,34.66929705,35.82880175,450.6352147,159.140961,287.2548445,207.1117427,3.109410278,12.43013521,229.6390598,0.849027003,994.2145093,15.53954549
19A-2,19,A,sample,UV Filtered,103.2532029,32.75467928,35.68995812,399.6258352,142.487118,318.4460442,144.7265153,2.420559939,10.33890219,210.9317554,0.844714329,858.5373089,12.75946213
19A-3,19,A,sample,UV Filtered,111.5448968,30.97462831,37.9685316,380.5991786,123.2934846,317.3139706,122.356143,2.18302196,9.602816848,192.2366445,0.838872404,806.736863,11.78583881
19A-mean,19,A,mean,UV Filtered,107.2088639,32.79953488,36.49576382,410.2867429,141.6405212,307.6716197,158.0648003,2.570997392,10.79061808,210.9358199,0.844204579,886.4962271,13.36161547
19A-dev,19,A,dev,UV Filtered,3.395738408,1.508675643,1.042945532,29.56915963,14.64690946,14.44423603,35.86372636,0.392871819,1.197627577,15.26947235,0.004161238,79.04953212,1.590496768
19B,19,B,sample,UV Transmitted,104.5101351,32.03540759,39.22031487,431.1196469,148.4662825,290.5993667,263.2208693,2.109520426,11.90084271,219.722005,0.854200276,1018.572656,14.01036314
19B-2,19,B,sample,UV Transmitted,93.82150924,24.99374393,32.18043557,364.0836238,131.5928312,298.4422374,186.5944573,1.622327447,9.355052688,188.7670107,0.867594746,833.2666011,10.97738014
19B-3,19,B,sample,UV Transmitted,85.94009472,23.06301642,26.67822364,411.2337827,138.3368039,285.7869832,197.3540834,1.938525515,10.67257733,188.0780439,0.877375286,882.6060048,12.61110285
19B-mean,19,B,mean,UV Transmitted,94.75724634,26.69738931,32.69299136,402.1456845,139.4653059,291.6095291,215.7231367,1.890124463,10.64282424,198.8556865,0.866390103,911.481754,12.53294871
19B-dev,19,B,dev,UV Transmitted,7.610006681,3.855969963,5.133098364,28.11170864,6.934622164,5.215629424,33.87199772,0.201818807,1.039527342,14.75739593,0.009499426,78.35789766,1.239442757
19C-2 (outlier),19,C,sample,Site Reference,104.6733629,17.89493412,37.13829427,444.6853253,187.0239763,272.0457985,285.9444604,3.218235198,14.71416015,242.0572047,0.926071467,1077.360353,17.93239535
19C-3,19,C,sample,Site Reference,92.65609459,15.00495089,34.91056405,430.4400752,159.3187124,269.4175222,341.3404332,3.099715897,17.70973714,209.2342273,0.928286346,1073.67083,20.80945303
19C-4,19,C,sample,Site Reference,88.31532612,14.27211863,36.32645406,432.9592678,148.3143767,291.2186389,337.0567337,3.841095901,21.15607282,198.9129494,0.928249424,1057.244277,24.99716872
19C-5,19,C,sample,Site Reference,83.3196004,11.28545923,36.97925501,433.0514032,150.3862021,288.742969,388.3218741,3.960972592,22.00881653,198.6509163,0.943189493,1103.343794,25.96978912
19C-mean,19,C,mean,Site Reference,88.09700704,13.52084292,36.07209104,432.1502487,152.6730971,283.1263767,355.5730136,3.63392813,20.29154216,202.266031,0.933241755,1078.0863,23.92547029
19C-dev,19,C,dev,Site Reference,3.814732697,1.60871915,0.863479771,1.209860141,4.774673961,9.746170307,23.22288261,0.38090212,1.858508514,4.928419966,0.00703413,19.07727528,2.238849448
20A,20,A,sample,UV Filtered,124.4531821,34.25688259,57.57268245,666.4073162,229.3741834,326.5201895,275.5483553,9.599275536,22.4366378,321.2037485,0.893348435,1387.612602,32.03591334
20A-2,20,A,sample,UV Filtered,106.9035828,28.51799426,36.78742598,533.612551,163.9625318,258.7206407,280.1116087,5.507851684,16.52392782,229.267952,0.875612819,1149.895695,22.0317795
20A-3,20,A,sample,UV Filtered,101.7859323,23.50981369,30.55715494,458.9465257,145.9116388,310.7834212,142.5585423,4.689975508,11.60015778,199.9786074,0.882438357,903.2696077,16.29013329
20A-mean,20,A,mean,UV Filtered,111.0475657,28.76156351,41.63908779,552.9887976,179.7494513,298.6747505,232.7395021,6.599034243,16.85357447,250.1501026,0.88379987,1146.925968,23.45260871
20A-dev,20,A,dev,UV Filtered,9.706715851,4.390851625,11.55028566,85.79655819,35.8554432,28.97308675,63.79477486,2.147605833,4.430110984,51.64579277,0.007304259,197.7433496,6.506225945
20B,20,B,sample,UV Transmitted,131.774104,27.31750216,33.51224266,740.2800623,216.9677196,361.0911923,384.3341912,7.12999573,23.7187291,277.7974644,0.901663961,1534.185822,30.84872483
20B-2,20,B,sample,UV Transmitted,94.42942615,22.72810217,29.34784996,443.2056806,123.1881893,303.8183106,156.5823041,3.497378552,9.970170185,175.2641415,0.870320866,869.4815523,13.46754874
20B-3,20,B,sample,UV Transmitted,109.8732511,24.83713703,38.94551134,484.7489336,158.4285472,324.4309252,197.4971573,4.344608756,12.67597755,222.2111956,0.888227337,1014.330538,17.02058631
20B-mean,20,B,mean,UV Transmitted,112.0255938,24.96091379,33.93520132,556.0782255,166.1948187,329.7801427,246.1378842,4.990661013,15.45495895,225.0909338,0.886737388,1139.332637,20.44561996
20B-dev,20,B,dev,UV Transmitted,15.32167691,1.875657856,3.929626486,131.3499092,38.67717936,23.68552782,99.136844,1.5517763,5.946863109,41.90855322,0.012839065,285.3968993,7.497753541
20C,20,C,sample,Site Reference,110.6021401,15.93221332,46.25718056,627.2474198,218.6174412,252.6373633,248.9907877,7.684375798,19.25708599,280.8068351,0.94326273,1267.647183,26.94146179
20C-2,20,C,sample,Site Reference,102.3144967,23.85038336,37.77923336,561.6527455,191.1576016,283.463199,234.6688692,5.147010235,16.04289916,252.7872183,0.905650359,1151.42333,21.18990939
20C-3,20,C,sample,Site Reference,112.1509769,16.96449276,32.30483359,405.8992131,156.5301418,207.3662587,220.2678646,4.369749973,12.43494045,205.7994682,0.917567849,944.1175228,16.80469042
20C-mean,20,C,mean,Site Reference,108.3558712,18.91569648,38.78041584,531.5997928,188.7683949,247.8222737,234.6425072,5.733712002,15.91164187,246.4645072,0.922160313,1121.062678,21.64535387
20C-dev,20,C,dev,Site Reference,4.31843943,3.514707308,5.739847344,92.83010332,25.40327299,31.25246547,11.72609907,1.41535633,2.786675296,30.94628444,0.015694811,133.8137688,4.150831699
SW-control-1,L1,W,sample,Lab Control,104.3704264,80.12405541,44.27494699,425.1417672,38.32364804,452.2835956,223.2217141,1.106686718,8.97913668,162.7226504,0.50760355,915.4565583,10.0858234
SW-control-2,L1,W,sample,Lab Control,115.1005276,87.30037351,43.54534638,433.8896157,35.24856342,443.8956948,250.2956682,1.00829066,9.067303926,166.0942833,0.474392666,965.3800948,10.07559459
SW-control-3,L1,W,sample,Lab Control,105.0306256,91.89243691,43.2826067,445.0441962,43.23574087,442.35498,227.6562263,1.174276165,9.306219998,178.4107845,0.484939001,956.1418326,10.48049616
SWcontrol-mean,L1,W,mean,Lab Control,108.1671932,86.43895528,43.70096669,434.6918597,38.93598411,446.1780901,233.7245362,1.096417847,9.117553535,169.0759061,0.488978405,945.6594952,10.21397138
SWcontrol-dev,L1,W,dev,Lab Control,4.910010889,4.842880123,0.419800013,8.144911155,3.289373547,4.362823853,11.85658849,0.068151225,0.138177764,6.742746381,0.013855885,21.68716092,0.188507739
SW-control2-1,L2,W,sample,Lab Control,126.4716414,111.1321782,29.95706934,389.0063386,31.65604577,447.2969103,154.5045613,0.723505269,7.13686961,172.7452933,0.356670297,842.7278346,7.860374879
SW-control2-2,L2,W,sample,Lab Control,105.2755791,91.6163164,21.75191409,372.7949508,23.58558335,417.2418624,171.3902014,0.492632171,7.140480852,136.9538138,0.331042241,786.4145451,7.633113022
SW-control2-3,L2,W,sample,Lab Control,107.6971977,103.9599276,24.98403549,368.6808853,25.95854421,407.8757705,149.1315164,0.646508148,6.624050546,154.9025073,0.328868658,780.4121067,7.270558694
SWcontrol2-mean,L2,W,mean,Lab Control,113.1481394,102.2361407,25.56433964,376.8273916,27.06672444,424.1381811,158.342093,0.620881863,6.967133669,154.8672048,0.338860399,803.1848288,7.588015532
SWcontrol2-dev,L2,W,dev,Lab Control,9.472867862,8.060016383,3.374779782,8.774069622,3.386654049,16.81618217,9.48357357,0.095979605,0.242600883,14.61183162,0.012624724,28.06830119,0.242893832
SD-control-1,L3,D,sample,Lab Control,124.0695147,146.9106154,42.04274703,525.4138782,37.80471324,443.3946878,276.0436994,2.963622538,16.86511758,226.7580757,0.352126203,1152.285168,19.82874012
SD-control-2,L3,D,sample,Lab Control,118.0753488,95.25927938,36.27312705,441.248133,49.42301537,456.3476066,194.3470675,1.507826159,10.62282506,180.9554218,0.473575987,934.6259711,12.13065122
SD-control-3,L3,D,sample,Lab Control,107.9413058,124.1086305,38.50460033,376.2873198,42.98935868,412.571885,143.2936918,1.860341062,10.26031286,205.6025895,0.396366404,833.1249069,12.12065393
SD-control-mean,L3,D,mean,Lab Control,116.6953897,122.0928417,38.94015814,447.649777,43.40569576,437.4380598,204.5614862,2.110596586,12.58275183,204.4386956,0.407356198,973.3453487,14.69334842
SD-control-dev,L3,D,dev,Lab Control,6.656224932,21.13468998,2.375487546,61.04871489,4.752279348,18.36100058,54.67413703,0.620111089,3.031704258,18.71695776,0.050186945,133.1420562,3.631272587