Sample,Site,Treatment Group,Data Type,Treatment ,neoxanthin,violaxanthin,antheraxanthin,lutein,zeaxanthin,chlorophyll b,chlorophyll a,beta-carotene.sum,beta-tocopherol,alpha-tocopherol,V+A+Z,total carotenoids,total chlorophylls,total tocopherols
1A,1,A,sample,UV Filtered,3.233403781,0.663302128,1.348368229,18.79180177,6.920435388,18.69352663,40.42435049,9.924811586,3.818289361,13.17019798,8.932105745,40.88212288,59.11787712,16.98848734
1A-2,1,A,sample,UV Filtered,3.714471271,0.958898345,1.482396856,16.04491774,5.148161982,25.47467129,40.83924358,6.337238944,2.124238588,8.501681798,7.589457183,33.68608513,66.31391487,10.62592039
1A-3,1,A,sample,UV Filtered,3.029703017,0.582803574,1.22062869,18.37858478,6.429700415,23.06024701,39.92340755,7.374924968,3.607386916,13.38398034,8.233132679,37.01634544,62.98365456,16.99136725
1A-mean,1,A,mean,UV Filtered,3.325859356,0.735001349,1.350464592,17.73843476,6.166099262,22.40948164,40.39566721,7.878991833,3.183304955,11.68528671,8.251565202,37.19485115,62.80514885,14.86859166
1A-dev,1,A,dev,UV Filtered,0.287098027,0.161693955,0.106876687,1.209321298,0.747151226,2.806373981,0.374438204,1.507366781,0.753806402,2.25283982,0.548288919,2.940480462,2.940480462,3.000021859
1B,1,B,sample,UV Transmitted,4.073003918,0.893045584,1.646034256,21.95993159,8.26754517,16.07946992,36.11244294,10.96852662,7.273007097,23.19068221,10.80662501,47.80808714,52.19191286,30.4636893
1B-2,1,B,sample,UV Transmitted,4.430550975,0.985661131,1.812284913,20.21045747,7.63236025,18.92353456,40.01867496,5.986475741,4.549762232,11.78518901,10.43030629,41.05779048,58.94220952,16.33495124
1B-3,1,B,sample,UV Transmitted,3.312461417,0.621188626,1.421405158,20.20009928,7.494575664,22.80103475,38.91119838,5.238036735,4.264673977,10.95964143,9.537169448,38.28776688,61.71223312,15.22431541
1B-mean,1,B,mean,UV Transmitted,3.938672103,0.833298447,1.626574776,20.79016278,7.798160361,19.26801308,38.34743876,7.397679698,5.362481102,15.31183755,10.25803358,42.38454816,57.61545184,20.67431865
1B-dev,1,B,dev,UV Transmitted,0.466236594,0.154676742,0.160168139,0.827162271,0.336638008,2.754857228,1.643782391,2.543390261,1.3559501,5.581369429,0.532376916,3.998277876,3.998277876,6.936964337
1C,1,C,sample,Site Reference,3.897438558,0.606211726,1.495484947,21.0904648,7.653019133,14.67631593,30.78261927,19.79844564,6.836590121,25.1451045,9.754715806,54.5410648,45.4589352,31.98169462
1C-2,1,C,sample,Site Reference,3.514171222,0.589064493,1.513353733,18.7664155,7.120206321,16.31862874,39.96064344,12.21751655,3.223639341,11.58172073,9.222624547,43.72072782,56.27927218,14.80536007
1C-3,1,C,sample,Site Reference,3.620678781,0.539089087,1.316751291,17.91833133,7.268813779,20.35167452,40.06843639,8.916224824,3.160146071,11.12563537,9.124654157,39.57988909,60.42011091,14.28578144
1C-mean,1,C,mean,Site Reference,3.67742952,0.578121769,1.441863323,19.25840387,7.347346411,17.11553973,36.93723304,13.64406234,4.406791844,15.9508202,9.367331503,45.94722724,54.05277276,20.35761204
1C-dev,1,C,dev,Site Reference,0.161532138,0.028474194,0.08876782,1.340931791,0.224496331,2.384494931,4.352191614,4.555725858,1.71832236,6.504006525,0.276826658,6.307517705,6.307517705,8.222204178
2A (outlier),2,A,sample,UV Filtered,4.133018612,1.266437846,2.21533308,21.84725145,8.814832692,13.98312899,36.99817041,10.74182692,9.720111218,18.55055983,12.29660362,49.0187006,50.9812994,28.27067105
2A-2,2,A,sample,UV Filtered,2.401572468,0.488240647,1.637378328,17.72343073,5.476502235,20.90194491,35.56407693,15.80685376,3.408126938,14.94081213,7.60212121,43.53397816,56.46602184,18.34893907
2A-3,2,A,sample,UV Filtered,3.828490798,0.982530176,1.56792636,15.70057312,5.523211556,17.81337433,43.24310399,11.34078967,2.144843813,8.773744383,8.073668093,38.94352168,61.05647832,10.9185882
2A-4,2,A,sample,UV Filtered,3.037442715,0.615211044,1.403002233,18.67671194,5.687941074,24.37308492,36.87744762,9.329158452,3.35060482,12.22366348,7.70615435,38.74946745,61.25053255,15.5742683
2A-mean,2,A,mean,UV Filtered,3.08916866,0.695327289,1.536102307,17.36690526,5.562551622,21.02946806,38.56154285,12.15893396,2.967858524,11.97940666,7.793981218,40.4089891,59.5910109,14.94726519
2A-dev,2,A,dev,UV Filtered,0.583684081,0.209594043,0.098294172,1.240882311,0.090691147,2.679508335,3.3535053,2.707046875,0.582432891,2.523612119,0.202277507,2.211120642,2.211120642,3.065656884
2B,2,B,sample,UV Transmitted,3.935240211,0.8972243,1.221697069,17.75720455,5.708119224,21.16479836,36.12081991,13.19489638,2.715512095,11.48874524,7.827040594,42.71438173,57.28561827,14.20425733
2B-2,2,B,sample,UV Transmitted,3.079460776,0.549073004,1.020716645,18.29518074,6.445227832,23.50952686,38.15657973,8.944234409,2.444811814,9.958360576,8.015017481,38.33389341,61.66610659,12.40317239
2B-3,2,B,sample,UV Transmitted,4.311972711,0.823047859,1.430414893,15.45812044,6.065517223,20.18400108,42.49492869,9.231997109,2.255756703,8.662731687,8.318979976,37.32107024,62.67892976,10.91848839
2B-mean,2,B,mean,UV Transmitted,3.775557899,0.756448388,1.224276203,17.17016858,6.07295476,21.6194421,38.92410944,10.45704263,2.472026871,10.0366125,8.05367935,39.45644846,60.54355154,12.50863937
2B-dev,2,B,dev,UV Transmitted,0.515684172,0.149730755,0.167268552,1.230362063,0.300969281,1.395183653,2.658212692,1.939516125,0.188678297,1.155041318,0.202685543,2.340519827,2.340519827,1.343481013
2C,2,C,sample,Site Reference,4.674398513,0.973097241,1.990483433,21.96999334,9.066890032,16.67710713,35.71643436,8.931595953,5.773667709,14.95350433,12.03047071,47.60645851,52.39354149,20.72717204
2C-2,2,C,sample,Site Reference,3.324751134,0.531352534,1.389946388,20.42717611,8.656872975,17.9748818,39.02346253,8.671556529,4.173555158,11.27038205,10.5781719,43.00165567,56.99834433,15.4439372
2C-3,2,C,sample,Site Reference,3.127943348,0.450736214,1.151380688,18.90201495,7.765255179,18.04544057,41.7809333,8.77629575,3.389057624,9.830197161,9.367372081,40.17362613,59.82637387,13.21925478
2C-mean,2,C,mean,Site Reference,3.709030998,0.651728663,1.510603503,20.43306147,8.496339395,17.56580983,38.84027673,8.79314941,4.44542683,12.01802784,10.65867156,43.59391344,56.40608656,16.46345467
2C-dev,2,C,dev,Site Reference,0.687330176,0.229612819,0.353026872,1.252503845,0.5433793,0.629067567,2.479207485,0.106827462,0.992312776,2.157359461,1.088694545,3.063203797,3.063203797,3.148731731
3A,3,A,sample,UV Filtered,4.156154851,1.096324802,1.99824318,17.85299009,6.5722862,17.04395603,39.70688732,11.57315753,5.495816272,12.7372659,9.666854181,43.24915666,56.75084334,18.23308218
3A-2,3,A,sample,UV Filtered,4.027922701,0.880426196,1.432978063,17.2642766,5.676044627,23.36763613,41.19763509,6.153080591,2.773391094,6.934076375,7.989448885,35.43472878,64.56527122,9.707467469
3A-3,3,A,sample,UV Filtered,4.070806661,1.189149832,1.407561862,15.84984902,6.023672833,18.50211649,45.47899478,7.477848525,2.36907295,7.751553601,8.620384527,36.01888873,63.98111127,10.12062655
3A-mean,3,A,mean,UV Filtered,4.084961404,1.055300276,1.612927702,16.98903857,6.090667886,19.63790288,42.12783906,8.401362216,3.546093439,9.140965293,8.758895864,38.23425806,61.76574194,12.68705873
3A-dev,3,A,dev,UV Filtered,0.053298772,0.129331176,0.272656694,0.840619025,0.368943078,2.703669181,2.446530292,2.307085704,1.388508225,2.5647743,0.691766423,3.554079035,3.554079035,3.925256436
3B,3,B,sample,UV Transmitted,3.855293513,0.836964741,1.62921388,19.3574943,6.821876356,20.00378338,36.96040547,10.53496836,3.349894268,11.45015497,9.288054977,43.03581115,56.96418885,14.80004924
3B-2,3,B,sample,UV Transmitted,4.167411009,0.854110236,1.521080703,17.57243311,6.623198315,23.18554564,44.65026949,1.425951501,2.199364705,6.608698957,8.998389254,32.16418487,67.83581513,8.808063662
3B-3,3,B,sample,UV Transmitted,4.168942698,0.613346389,1.390339399,14.72875488,5.295417117,22.88923527,44.10333799,6.810626254,1.804202081,5.386980443,7.299102904,33.00742674,66.99257326,7.191182524
3B-mean,3,B,mean,UV Transmitted,4.063882407,0.768140456,1.513544661,17.21956077,6.246830596,22.0261881,41.90467098,6.257182037,2.451153685,7.815278124,8.528515712,36.06914092,63.93085908,10.26643181
3B-dev,3,B,dev,UV Transmitted,0.147495947,0.109679516,0.097665581,1.906077354,0.67762278,1.435163311,3.503246549,3.739275544,0.655662185,2.618192291,0.87733249,4.938193647,4.938193647,3.27300488
3C,3,C,sample,Site Reference,4.211092668,0.844540946,1.635331073,21.89002222,7.679979247,18.54846522,33.76772632,11.4228423,4.359930754,16.19022909,10.15985127,47.68380846,52.31619154,20.55015985
3C-2,3,C,sample,Site Reference,3.670398162,0.717005211,1.440991606,18.61996204,7.851558084,18.76970487,37.85114375,11.07923628,3.663702008,13.32070393,10.0095549,43.37915139,56.62084861,16.98440594
3C-3,3,C,sample,Site Reference,3.888941761,0.645902602,1.415016712,16.350665,7.196978132,17.44907224,42.56958092,10.48384263,3.245813297,11.04371883,9.257897446,39.98134684,60.01865316,14.28953213
3C-mean,3,C,mean,Site Reference,3.92347753,0.735816253,1.49711313,18.95354976,7.576171821,18.25574744,38.062817,10.99530707,3.756482019,13.51821729,9.809101205,43.68143556,56.31856444,17.27469931
3C-dev,3,C,dev,Site Reference,0.222084334,0.082177408,0.098308438,2.273701852,0.277128989,0.577512141,3.596458006,0.387911657,0.459543632,2.105690799,0.394560039,3.151773103,3.151773103,2.564120061
4A (outlier),4,A,sample,UV Filtered,4.065863308,0.924625461,2.442249768,21.45348252,6.987127404,19.37424685,37.36980031,7.38260439,4.562152888,13.74394689,10.35400263,43.25595285,56.74404715,18.30609978
4A-2,4,A,sample,UV Filtered,3.686000199,0.731908571,1.450584341,19.46118198,6.689027129,16.73753017,41.94136593,9.302401671,3.677957887,13.65287721,8.871520041,41.3211039,58.6788961,17.3308351
4A-3,4,A,sample,UV Filtered,3.556796412,1.0864327,1.535691961,19.48186076,5.981246133,22.77354339,39.92534033,5.659088318,2.81649095,10.75520274,8.603370794,37.30111629,62.69888371,13.57169369
4A-4,4,A,sample,UV Filtered,3.785884299,0.644490593,1.642882903,18.70343177,5.919182113,24.95785918,38.35741333,5.988855822,3.466819872,11.91187416,8.206555608,36.6847275,63.3152725,15.37869404
4A-mean,4,A,mean,UV Filtered,3.67622697,0.820943954,1.543053068,19.21549151,6.196485125,21.48964424,40.07470653,6.983448604,3.320422903,12.10665137,8.560482148,38.43564923,61.56435077,15.42707427
4A-dev,,A,dev,UV Filtered,0.093779714,0.191091045,0.078677924,0.362179314,0.349200234,3.476564395,1.466949617,1.64526475,0.366610943,1.190961225,0.273159296,2.055783754,2.055783754,1.535044304
4B,4,B,sample,UV Transmitted,4.413526535,1.254490855,1.516703675,18.30758004,5.480853817,22.02943373,39.05227833,7.945133025,1.991511558,10.43182867,8.252048347,38.91828794,61.08171206,12.42334022
4B-2,4,B,sample,UV Transmitted,4.433352923,1.425019714,1.41087002,16.1987451,4.714350137,21.26752581,44.58528007,5.964856229,1.291569352,6.886066741,7.550239871,34.14719412,65.85280588,8.177636093
4B-3,4,B,sample,UV Transmitted,3.798994454,1.25671808,1.310633085,16.27106653,4.446708444,24.63192363,43.12465963,5.15929614,1.286407626,7.207799031,7.014059608,32.24341674,67.75658326,8.494206657
4B-mean,4,B,mean,UV Transmitted,4.215291304,1.312076216,1.412735593,16.92579722,4.880637466,22.64296106,42.25407268,6.356428465,1.523162845,8.175231479,7.605449275,35.10296627,64.89703373,9.698394324
4B-dev,4,B,dev,UV Transmitted,0.294477585,0.079868289,0.084138308,0.977513992,0.438256219,1.440394624,2.341220238,1.170532186,0.331179255,1.601051959,0.506912279,2.807561421,2.807561421,1.931157139
4C,4,C,sample,Site Reference,3.270327699,0.520514624,0.962768727,18.86928574,5.881659364,8.408740224,42.38771948,19.69898415,3.631817625,21.47846617,7.364942715,49.2035403,50.7964597,25.11028379
4C-2,4,C,sample,Site Reference,4.070156543,0.683793167,1.218370736,18.089927,5.377826847,19.53911357,41.96921862,9.051593509,1.900189882,9.761490188,7.27999075,38.49166781,61.50833219,11.66168007
4C-3,4,C,sample,Site Reference,3.7733838,0.655368078,1.415963016,18.12601787,5.914400972,21.26751958,37.183621,11.66372568,2.685090189,15.28472337,7.985732066,41.54885942,58.45114058,17.96981355
4C-mean,4,C,mean,Site Reference,3.704622681,0.619891956,1.19903416,18.36174354,5.724629061,16.40512446,40.5135197,13.47143445,2.739032565,15.50822657,7.543555177,43.08135584,56.91864416,18.24725914
4C-dev,4,C,dev,Site Reference,0.330128877,0.071222127,0.185520337,0.359188856,0.245590221,5.698155694,2.360784441,4.530827009,0.707962332,4.786045465,0.314583863,4.50536436,4.50536436,5.49387341
5A,5,A,sample,UV Filtered,3.74496443,0.856372384,1.332000892,21.01609643,8.073757071,18.48608185,37.46457613,9.02615081,5.300294814,11.34767086,10.26213035,44.04934202,55.95065798,16.64796568
5A-2,5,A,sample,UV Filtered,3.368488288,0.628614669,1.430200429,19.17313781,6.86491158,17.49491264,40.59318799,10.4465466,3.224245762,7.97579656,8.923726678,41.91189937,58.08810063,11.20004232
5A-3,5,A,sample,UV Filtered,3.667842558,0.72232516,1.43443382,18.29464711,5.817838246,20.47750489,43.03737246,6.548035755,2.417032432,6.609054808,7.974597225,36.48512265,63.51487735,9.02608724
5A-mean,5,A,mean,UV Filtered,3.593765092,0.735770738,1.39887838,19.49462712,6.918835632,18.81949979,40.36504552,8.673577721,3.647191003,8.644174077,9.05348475,40.81545468,59.18454532,12.29136508
5A-dev,5,A,dev,UV Filtered,0.162376465,0.093466507,0.047321096,1.134045306,0.921763993,1.240252602,2.280796862,1.610968143,1.214485487,1.991426106,0.938377968,3.183917597,3.183917597,3.205879676
5B,5,B,sample,UV Transmitted,3.821246829,0.791160662,1.371693041,19.05325479,5.531297621,22.02066849,37.21891645,10.19176212,2.220118739,8.12202803,7.694151324,40.76041506,59.23958494,10.34214677
5B-2,5,B,sample,UV Transmitted,3.868104334,0.77079656,1.393837224,17.64850614,4.854026831,22.83629694,39.69767706,8.930754916,2.209816162,9.648444147,7.018660615,37.46602601,62.53397399,11.85826031
5B-3,5,B,sample,UV Transmitted,3.730556976,0.731350496,1.354003028,16.42611818,5.01563195,21.10598777,43.08765547,8.548696129,1.973110835,7.518381906,7.100985474,35.80635676,64.19364324,9.491492741
5B-mean,5,B,mean,UV Transmitted,3.806636046,0.764435906,1.373177764,17.70929304,5.133652134,21.98765107,40.00141632,9.223737722,2.134348579,8.429618028,7.271265804,38.01093261,61.98906739,10.56396661
5B-dev,5,B,dev,UV Transmitted,0.057095973,0.024828175,0.016296096,1.07338498,0.288814247,0.706781467,2.405510005,0.702042571,0.114089857,0.896381613,0.300908034,2.058861469,2.058861469,0.978876979
5C,5,C,sample,Site Reference,3.638328951,0.542819078,1.44643,21.20788222,7.334519615,15.1812955,32.57572799,18.07299664,6.075478386,20.75722126,9.323768693,52.24297651,47.75702349,26.83269965
5C-2,5,C,sample,Site Reference,3.61601247,0.578203727,1.308227561,19.19010887,6.924631072,16.21007818,40.22006495,11.95267318,3.399831195,11.52595934,8.81106236,43.56985688,56.43014312,14.92579053
5C-3,5,C,sample,Site Reference,3.348400486,0.526390481,1.247404554,18.28498543,6.291115976,17.82973074,40.31664286,12.15532948,2.921929787,12.05210166,8.06491101,41.85362641,58.14637359,14.97403144
5C-mean,5,C,mean,Site Reference,3.534247303,0.549137762,1.334020705,19.56099217,6.850088888,16.40703481,37.70414526,14.0603331,4.132413123,14.77842742,8.733247355,45.88881993,54.11118007,18.91084054
5C-dev,5,C,dev,Site Reference,0.131728978,0.021619396,0.083273632,1.221746629,0.429216489,1.090151742,3.626552968,2.83858755,1.387737824,4.233098811,0.516863649,4.547368553,4.547368553,5.601634916
6A,6,A,sample,UV Filtered,3.754793747,1.932722849,1.910406482,17.95162253,7.108518494,19.30992356,40.54201905,7.489993285,3.991490444,10.07264186,10.95164782,40.14805739,59.85194261,14.06413231
6A-2,6,A,sample,UV Filtered,3.312536624,0.883069397,1.14916674,17.08503251,6.126284073,20.51677755,43.35931586,7.567817255,2.533049321,8.800600965,8.158520209,36.12390659,63.87609341,11.33365029
6A-3,6,A,sample,UV Filtered,3.856432454,0.845728499,1.304784076,17.79482048,7.033059594,20.03999904,40.16469663,8.960479235,4.197375222,12.67705292,9.183572169,39.79530433,60.20469567,16.87442814
6A-mean,6,A,mean,UV Filtered,3.641254275,1.220506915,1.454785766,17.61049184,6.755954054,19.95556671,41.35534385,8.006096592,3.573971662,10.51676525,9.431246734,38.68908944,61.31091056,14.09073691
6A-dev,6,A,dev,UV Filtered,0.236113076,0.503843387,0.328376681,0.377029932,0.446308357,0.496300146,1.425370342,0.675597916,0.740826847,1.613413384,1.153660114,1.819566057,1.819566057,2.262091312
6B,6,B,sample,UV Transmitted,4.685284934,1.374464546,2.762214517,18.86523268,6.661090164,21.98203855,34.50955824,9.160116365,4.489043378,12.404394,10.79776923,43.50840321,56.49159679,16.89343738
6B-2,6,B,sample,UV Transmitted,3.285931643,1.049642469,1.456545378,16.449538,6.080058387,21.31396684,43.21164284,7.152674446,2.677290631,8.768044464,8.586246234,35.47439032,64.52560968,11.4453351
6B-3,6,B,sample,UV Transmitted,3.376871313,0.664462714,0.866463551,16.44089265,5.485067131,24.3770716,37.30070687,11.48846416,2.540981135,10.06511991,7.015993395,38.32222152,61.67777848,12.60610104
6B-mean,6,B,mean,UV Transmitted,3.782695963,1.029523243,1.695074482,17.25188778,6.075405227,22.55769233,38.34063598,9.267084992,3.235771715,10.41251946,8.800002952,39.10167169,60.89832831,13.64829117
6B-dev,6,B,dev,UV Transmitted,0.639305688,0.290205948,0.7921027,1.140812582,0.480120667,1.315088249,3.6279157,1.771694074,0.887942365,1.504720199,1.551284642,3.325858053,3.325858053,2.343085546
6C,6,C,sample,Site Reference,4.381574907,0.615510521,1.954139163,20.71612667,8.419642861,17.18819743,34.6703833,12.05442515,5.035840043,16.51531634,10.98929254,48.14141927,51.85858073,21.55115638
6C-2,6,C,sample,Site Reference,3.667812263,0.670024128,1.607978172,16.86832596,7.346033794,19.47775272,41.31554026,9.046532709,2.804693514,9.173294505,9.624036094,39.20670702,60.79329298,11.97798802
6C-3,6,C,sample,Site Reference,4.103483706,0.672330928,1.361903699,18.20075914,6.854669167,21.61632851,38.81004792,8.380476929,2.541693439,9.296564453,8.888903794,39.57362357,60.42637643,11.83825789
6C-mean,6,C,mean,Site Reference,4.050956959,0.652621859,1.641340345,18.59507059,7.540115274,19.42742622,38.26532382,9.827144928,3.460742332,11.6617251,9.834077478,42.30724995,57.69275005,15.12246743
6C-dev,6,C,dev,Site Reference,0.293749976,0.026258572,0.242927269,1.595410862,0.653470928,1.808127169,2.740081631,1.598226195,1.118925633,3.432376223,0.870247575,4.128099294,4.128099294,4.546127461
7A,7,A,sample,UV Filtered,3.555611901,0.944356761,1.040401598,21.38122103,7.499675644,18.90881059,38.55268341,8.117239067,4.852809923,9.48365126,9.484434003,42.538506,57.461494,14.33646118
7A-2,7,A,sample,UV Filtered,3.239880908,0.729366637,1.273709949,18.39675153,5.943114234,22.40049207,39.84947702,8.167207651,2.841327713,7.89575235,7.94619082,37.75003091,62.24996909,10.73708006
7A-3,7,A,sample,UV Filtered,3.443346263,0.679299848,1.178784567,19.32966161,6.766492782,22.49582925,38.09552689,8.011058796,3.875682668,8.88848273,8.624577197,39.40864386,60.59135614,12.7641654
7A-mean,7,A,mean,UV Filtered,3.412946357,0.784341082,1.164298704,19.70254472,6.736427553,21.2683773,38.83256244,8.098501838,3.856606768,8.755962113,8.68506734,39.89906026,60.10093974,12.61256888
7A-dev,,A,dev,UV Filtered,0.130676778,0.114979517,0.095796927,1.246607641,0.635819049,1.66891953,0.742892755,0.065109799,0.821294948,0.654994668,0.62944013,1.985405855,1.985405855,1.473345907
7B,7,B,sample,UV Transmitted,3.866647421,0.853351021,1.423411076,16.41691374,6.333021058,19.759383,41.30397054,10.04330216,1.938398145,7.973099649,8.609783155,38.93664647,61.06335353,9.911497794
7B-2,7,B,sample,UV Transmitted,3.270825854,0.785298259,1.049631666,13.78277696,4.855495127,26.03560785,43.78887703,6.431487253,1.298218325,5.223720592,6.690425052,30.17551512,69.82448488,6.521938917
7B-3,7,B,sample,UV Transmitted,4.458659063,0.871092786,1.190285297,15.03269006,5.429647628,26.20653431,40.43768413,6.373406736,1.324945874,5.300746395,7.491025711,33.35578157,66.64421843,6.625692269
7B-mean,7,B,mean,UV Transmitted,3.865377446,0.836580689,1.221109346,15.07746025,5.539387938,24.00050838,41.84351057,7.616065382,1.520520781,6.165855545,7.597077973,34.15598105,65.84401895,7.686376327
7B-dev,7,B,dev,UV Transmitted,0.484931708,0.036978446,0.154143555,1.075847703,0.608168245,2.999740253,1.420317114,1.716479363,0.295685316,1.278301394,0.787154874,3.621196399,3.621196399,1.573968519
7C,7,C,sample,Site Reference,3.130300691,0.445030941,1.346876029,19.74445077,7.997221528,16.85990962,37.36884796,13.10736247,4.399303839,15.35376828,9.789128499,45.77124243,54.22875757,19.75307212
7C-2,7,C,sample,Site Reference,1.22045621,0.162807655,0.552884902,8.625255054,3.725437657,7.52090113,19.48570277,5.351888441,3.509089274,12.3316564,4.441130213,19.63872992,27.0066039,15.84074568
7C-3,7,C,sample,Site Reference,2.925951777,0.337043936,1.159179069,18.28631842,7.282049362,18.56317606,38.87809514,12.56818625,2.638511962,11.35838264,8.778272367,42.55872881,57.44127119,13.9968946
7C-mean,7,C,mean,Site Reference,2.425569559,0.314960844,1.019646667,15.55200808,6.334902849,14.31466227,31.91088195,10.34247905,3.515635025,13.01460244,7.66951036,35.98956705,46.22554422,16.53023747
7C-dev,7,C,dev,Site Reference,0.856217752,0.116270498,0.338828812,4.933995548,1.86812727,4.853979257,8.807506839,3.535738842,0.718855175,1.701095351,2.319811243,11.63593478,13.65298041,2.399992239
8A,8,A,sample,UV Filtered,3.915324035,0.873154995,1.513276536,18.4105608,5.223692777,26.554133,37.05797768,6.451880183,2.932072765,13.73567991,7.610124308,36.38788933,63.61211067,16.66775268
8A-2,8,A,sample,UV Filtered,4.097515848,1.202739123,1.706759896,17.37136569,5.355711687,27.6594572,37.54541762,5.061032933,2.92111232,9.478476298,8.265210706,34.79512518,65.20487482,12.39958862
8A-3,8,A,sample,UV Filtered,3.580448541,0.88505654,1.44590792,17.20583336,5.132883591,28.54559861,37.12597096,6.078300482,2.010779327,10.93817611,7.463848051,34.32843043,65.67156957,12.94895544
8A-mean,8,A,mean,UV Filtered,3.864429474,0.986983553,1.555314784,17.66258662,5.237429352,27.58639627,37.24312209,5.863737866,2.62132147,11.38411078,7.779727688,35.17048164,64.82951836,14.00543225
8A-dev,8,A,dev,UV Filtered,0.21413756,0.152639578,0.110563252,0.533197445,0.091486284,0.814652175,0.215550017,0.587731149,0.431741678,1.766368959,0.348443689,0.881669663,0.881669663,1.895857509
8B,8,B,sample,UV Transmitted,4.231523592,1.240238919,1.970882975,17.40413818,5.39933971,26.60224652,37.93676447,5.214865626,2.436856919,9.436135305,8.610461604,35.46098901,64.53901099,11.87299222
8B-2,8,B,sample,UV Transmitted,4.177037299,1.479515547,1.7163702,17.87135094,5.528173322,27.73553162,36.52759548,4.964425592,2.434862186,8.498177612,8.724059069,35.7368729,64.2631271,10.9330398
8B-3,8,B,sample,UV Transmitted,4.297494249,1.20914646,1.51001212,17.22704159,4.840222222,28.08934497,37.98120628,4.845532107,1.869092619,8.497144792,7.559380802,33.92944875,66.07055125,10.36623741
8B-mean,8,B,mean,UV Transmitted,4.235351713,1.309633642,1.732421765,17.50084357,5.255911751,27.4757077,37.48185541,5.008274442,2.246937241,8.810485903,8.297967159,35.04243688,64.95756312,11.05742314
8B-dev,8,B,dev,UV Transmitted,0.049250788,0.120793437,0.188491779,0.271781263,0.298605496,0.63429583,0.675007546,0.153934734,0.267177736,0.442401136,0.524314441,0.795019883,0.795019883,0.621386047
8C-1,8,C,sample,Site Reference,3.661684184,0.697640648,1.732068238,20.35667457,9.65987657,20.79516007,37.74784796,5.349047759,5.555021354,12.89261157,12.08958546,41.45699197,58.54300803,18.44763292
8C-2,8,C,sample,Site Reference,3.715903839,0.703178227,1.741552191,19.73740581,9.475326039,21.80913689,37.59292773,5.224569267,5.028168683,13.60747036,11.92005646,40.59793538,59.40206462,18.63563904
8C-3,8,C,sample,Site Reference,3.452282179,0.691800233,2.081790557,20.53370867,9.37881299,20.95319214,37.21675096,5.691662271,5.962540733,14.28824793,12.15240378,41.8300569,58.1699431,20.25078867
8C-mean,8,C,mean,Site Reference,3.609956734,0.697539703,1.851803662,20.20926302,9.504671867,21.1858297,37.51917555,5.421759765,5.51524359,13.59610995,12.05401523,41.29499475,58.70500525,19.11135354
8C-dev,8,C,dev,Site Reference,0.113668793,0.004645595,0.162671377,0.341391453,0.116604938,0.445441671,0.223003055,0.197499781,0.382491381,0.569822787,0.098133414,0.515889645,0.515889645,0.809349895
9A,9,A,sample,UV Filtered,3.973039594,1.025452926,1.321392547,23.53403176,10.21902154,14.2613723,34.69086681,10.97482252,9.000855631,21.31791073,12.56586701,51.04776089,48.95223911,30.31876636
9A-2,9,A,sample,UV Filtered,4.203355057,1.249061737,1.52182148,20.49002127,7.828434101,15.93349638,42.09987148,6.673938496,4.480080491,11.79801706,10.59931732,41.96663214,58.03336786,16.27809755
9A-3,9,A,sample,UV Filtered,4.222741214,1.090830322,1.300504272,19.50037259,7.097916136,21.91795823,39.42536253,5.444314706,3.279861505,8.156065417,9.489250729,38.65667924,61.34332076,11.43592692
9A-mean,9,A,mean,UV Filtered,4.133045288,1.121781662,1.381239433,21.17480854,8.381790591,17.3709423,38.73870027,7.697691907,5.586932542,13.75733107,10.88481169,43.89035742,56.10964258,19.34426361
9A-dev,9,A,dev,UV Filtered,0.113417584,0.09387479,0.099771619,1.716450169,1.332910922,3.286894694,3.063436668,2.371031063,2.463234262,5.549037545,1.272143129,5.238337223,5.238337223,8.007972569
9B,9,B,sample,UV Transmitted,5.222452563,1.634446332,1.852293915,20.24713634,7.744202096,18.1092261,38.08095855,7.109284094,5.406332479,13.60693548,11.23094234,43.80981535,56.19018465,19.01326796
9B-2,9,B,sample,UV Transmitted,3.711934718,0.876798062,1.508667533,19.1045392,8.058937661,17.67439203,41.88745289,7.177277912,3.175233634,8.956560279,10.44440326,40.43815508,59.56184492,12.13179391
9B-3,9,B,sample,UV Transmitted,3.879703539,0.869167572,1.2727757,17.83966035,7.016691559,21.73287447,42.59650995,4.792616861,2.185395112,6.546279799,9.158634832,35.67061558,64.32938442,8.731674911
9B-mean,9,B,mean,UV Transmitted,4.271363607,1.126803989,1.544579049,19.06377863,7.606610439,19.1721642,40.8549738,6.359726289,3.588987075,9.703258519,10.27799348,39.972862,60.027138,13.29224559
9B-dev,9,B,dev,UV Transmitted,0.676000122,0.35897086,0.237946167,0.983270472,0.436476676,1.819376811,1.982769262,1.108461324,1.347096461,2.930458821,0.854159925,3.339063385,3.339063385,4.276897238
9C (outlier),9,C,sample,Site Reference,3.553911412,0.527814108,1.36285658,25.38821451,10.79920835,13.51493557,34.06090776,10.79215171,6.912076122,19.18305202,12.68987904,52.42415667,47.57584333,26.09512814
9C-2,9,C,sample,Site Reference,4.339188757,1.044853259,2.103439552,18.78634682,7.745104424,15.47479193,43.71319958,6.793075687,3.398320133,9.220650402,10.89339724,40.81200849,59.18799151,12.61897053
9C-3,9,C,sample,Site Reference,3.376639578,0.390652522,1.395278391,22.58266148,9.384179585,17.15077859,37.6558833,8.063926551,4.974481684,14.830696,11.1701105,45.19333811,54.80666189,19.80517768
9C-4,9,C,sample,Site Reference,3.629930213,0.596129081,1.607889823,21.30330936,7.937850473,23.2832472,35.89044144,5.751202414,5.012102739,14.48196407,10.14186938,40.82631137,59.17368863,19.49406681
9C-mean,9,C,mean,Site Reference,3.781919516,0.677211621,1.702202589,20.89077255,8.355711494,18.63627257,39.08650811,6.869401551,4.461634852,12.84443682,10.7351257,42.27721932,57.72278068,17.30607167
9C-dev,9,C,dev,Site Reference,0.407390715,0.273161045,0.296697636,1.577052362,0.731481474,3.356388207,3.350015096,0.945706953,0.7520339,2.566355978,0.434440145,2.062015636,2.062015636,3.316713767
11A (outlier),11,A,sample,UV Filtered,1.629041022,1.232443565,1.472631885,19.72892827,7.896112439,15.38858033,35.48247418,17.16978831,4.107025493,18.14937702,10.60118789,49.12894549,50.87105451,22.25640251
11A-2,11,A,sample,UV Filtered,3.960903725,1.109157571,1.540446555,16.73074945,5.573458551,18.70426302,41.26859728,11.11242385,1.639708006,8.543462762,8.223062676,40.0271397,59.9728603,10.18317077
11A-3,11,A,sample,UV Filtered,3.144007514,0.773901189,1.35145852,16.03879676,5.287936314,23.0986079,44.43348123,5.87181057,1.642476563,7.12504783,7.413296023,32.46791087,67.53208913,8.767524393
11A-4,11,A,sample,UV Filtered,4.168602741,1.491691417,1.755463668,15.59667169,4.854994199,27.42772021,39.42663804,5.278218023,1.65282444,7.75173326,8.102149285,33.14564174,66.85435826,9.4045577
11A-mean,11,A,mean,UV Filtered,3.757837994,1.124916726,1.549122914,16.12207264,5.238796355,23.07686371,41.70957218,7.42081748,1.645003003,7.806747951,7.912835995,35.2135641,64.7864359,9.451750954
11A-dev,11,A,dev,UV Filtered,0.442248507,0.293248434,0.165048476,0.466714933,0.295362836,3.561369677,2.067682087,2.62158428,0.005644902,0.580370682,0.356660576,3.414938974,3.414938974,0.578897842
11B,11,B,sample,UV Transmitted,3.695916657,0.758767582,0.79580608,17.66717569,6.293730361,20.42161966,34.60857899,15.75840498,2.111406901,15.35025768,7.848304023,44.96980135,55.03019865,17.46166459
11B-3,11,B,sample,UV Transmitted,3.073061877,0.740510669,0.988145998,14.51648913,4.830994745,22.03657782,44.75071863,9.063501129,1.089172229,7.965843179,6.559651412,33.21270355,66.78729645,9.055015408
11B-2,11,B,sample,UV Transmitted,3.591346279,0.968554847,1.12259579,15.12371402,5.029460991,22.74856633,42.71769971,8.698062042,1.185448075,8.806558351,7.120611627,34.53373397,65.46626603,9.992006426
11B-mean,11,B,mean,UV Transmitted,3.453441604,0.822611032,0.96884929,15.76912628,5.384728699,21.73558793,40.69233244,11.17332272,1.462009068,10.70755307,7.176189021,37.57207962,62.42792038,12.16956214
11B-dev,11,B,dev,UV Transmitted,0.272335937,0.103466666,0.134107297,1.364825798,0.647847837,0.973521574,4.381197213,3.245573492,0.460872664,3.300780725,0.527556015,5.258706774,5.258706774,3.761582049
11C (outlier),11,C,sample,Site Reference,3.613162087,0.599917152,1.241860354,20.85940716,8.847391813,15.49162011,33.91735203,15.42928929,3.025095052,17.37371041,10.68916932,50.59102786,49.40897214,20.39880546
11C-2,11,C,sample,Site Reference,3.412798539,0.529853136,1.441959663,18.25212906,7.062311298,16.36884001,42.35920353,10.57290477,1.930887278,9.534358302,9.034124096,41.27195646,58.72804354,11.46524558
11C-3,11,C,sample,Site Reference,2.611996172,0.330309308,1.309044958,18.95045975,7.857854667,15.35187689,39.75028063,13.83817761,2.847679257,14.6939897,9.497208933,44.89784247,55.10215753,17.54166896
11C-4,11,C,sample,Site Reference,3.310750985,0.534147432,1.583723211,18.40946065,6.630459393,22.16347838,36.87628932,10.49169063,2.283203627,12.83020594,8.748330036,40.9602323,59.0397677,15.11340957
11C-mean,11,C,mean,Site Reference,3.111848565,0.464769959,1.444909277,18.53734982,7.183541786,17.96139843,39.66192449,11.63425767,2.353923387,12.35285131,9.093221021,42.37667708,57.62332292,14.7067747
11C-dev,11,C,dev,Site Reference,0.355895806,0.095094199,0.112156322,0.299091035,0.508361691,3.000184489,2.239262105,1.558759394,0.377604596,2.133283795,0.308571154,1.78726965,1.78726965,2.497297767
12A,12,A,sample,UV Filtered,3.676211342,0.750002602,1.688736521,20.90374554,8.248145615,14.83853488,37.8595588,12.03506471,4.85576232,10.82531763,10.68688474,47.30190632,52.69809368,15.68107995
12A-2,12,A,sample,UV Filtered,2.823497661,0.425874457,1.389160432,19.22302461,6.81514831,19.4097278,42.09992721,7.813639518,3.181064481,8.065828291,8.630183199,38.49034499,61.50965501,11.24689277
12A-3,12,A,sample,UV Filtered,4.850214345,0.887273012,1.601129826,16.6732116,5.705252862,22.37203938,41.35609464,6.554784326,2.025159704,4.903186328,8.193655701,36.27186597,63.72813403,6.928346032
12A-mean,12,A,mean,UV Filtered,3.783307783,0.68771669,1.559675593,18.93332725,6.922848929,18.87343402,40.43852689,8.80116285,3.353995502,7.931444082,9.170241212,40.68803909,59.31196091,11.28543958
12A-dev,12,A,dev,UV Filtered,0.830861948,0.193445613,0.125765121,1.739213954,1.040921212,3.098831048,1.848716495,2.343753402,1.162040346,2.419566644,1.087135303,4.763601024,4.763601024,3.573392613
12B,12,B,sample,UV Transmitted,3.978633514,1.138757016,1.570351557,18.83671151,6.361731547,19.06824902,40.90126759,8.144298252,2.946464645,6.202399945,9.070840121,40.0304834,59.9695166,9.148864589
12B-2,12,B,sample,UV Transmitted,3.451669413,0.839568403,1.200757279,17.95771803,6.389099222,19.99947124,42.9032401,7.258476323,2.330650556,5.920767823,8.429424904,37.09728867,62.90271133,8.251418379
12B-3,12,B,sample,UV Transmitted,3.85997112,0.768173842,1.537049567,17.15898959,6.122177992,22.45920032,40.31963914,7.774798424,2.087818261,5.927576151,8.4274014,37.22116054,62.77883946,8.015394412
12B-mean,12,B,mean,UV Transmitted,3.763424683,0.915499753,1.436052801,17.98447304,6.291002921,20.50897353,41.37471561,7.725857666,2.454977821,6.01691464,8.642555475,38.11631087,61.88368913,8.47189246
12B-dev,12,B,dev,UV Transmitted,0.225704382,0.160534835,0.166933605,0.685188334,0.119898957,1.430461958,1.106605393,0.363287325,0.361396693,0.131187365,0.302844104,1.354468755,1.354468755,0.488293133
12C,12,C,sample,Site Reference,3.257808648,0.622842521,1.206094029,19.53892071,8.914181062,12.92066768,33.3077761,20.23170924,5.192781812,17.69045258,10.74311761,53.77155622,46.22844378,22.88323439
12C-2,12,C,sample,Site Reference,2.987452468,0.468008572,1.291068523,17.4077266,7.043310208,14.59461927,40.204181,16.00363336,2.834194513,10.35729683,8.802387303,45.20119973,54.79880027,13.19149134
12C-3,12,C,sample,Site Reference,3.189225679,0.478974758,1.248813357,17.8457151,7.437849888,15.89002813,37.71699244,16.19240064,3.304587927,11.44416499,9.165638002,46.39297942,53.60702058,14.74875291
12C-mean,12,C,mean,Site Reference,3.144828932,0.523275283,1.248658636,18.26412081,7.798447052,14.46843836,37.07631652,17.47591441,3.777188084,13.16397147,9.570380972,48.45524512,51.54475488,16.94115955
12C-dev,12,C,dev,Site Reference,0.11475022,0.070546865,0.034690865,0.918982985,0.805217227,1.215515416,2.851660261,1.950164459,1.019230655,3.231314909,0.842405756,3.790554704,3.790554704,4.249506322
13A,13,A,sample,UV Filtered,4.039534833,0.952287043,1.862527413,15.57582697,5.131508681,16.72579014,45.74272239,9.969802532,3.414481196,12.67528607,7.946323136,37.53148747,62.46851253,16.08976727
13A-2,13,A,sample,UV Filtered,2.985244059,0.659905347,0.635793061,15.64615403,5.353645344,22.83637444,45.50883435,6.374049382,2.644503114,5.884879645,6.649343752,31.65479122,68.34520878,8.52938276
13A-3,13,A,sample,UV Filtered,3.787141116,0.826894243,1.219091582,17.52331572,5.728564611,23.86201973,40.05458408,6.998388929,2.655670694,5.711695201,7.774550436,36.0833962,63.9166038,8.367365895
13A-mean,13,A,mean,UV Filtered,3.603973336,0.813028878,1.239137352,16.24843224,5.404572879,21.14139477,43.76871361,7.780746948,2.904885002,8.090620307,7.456739108,35.08989163,64.91010837,10.99550531
13A-dev,13,A,dev,UV Filtered,0.449477538,0.119766301,0.501012752,0.90193584,0.246392852,3.150255042,2.628021376,1.568741158,0.360367766,3.242619143,0.575205419,2.499890424,2.499890424,3.602794385
13B,13,B,sample,UV Transmitted,4.735848841,1.141435308,1.238720202,20.12668651,7.212291876,20.25023302,34.41422826,10.88055598,3.51966961,10.66273877,9.592447386,45.33553872,54.66446128,14.18240838
13B-2,13,B,sample,UV Transmitted,4.064961584,0.993425338,1.353836446,17.42115333,5.129375144,21.05388012,41.70577192,8.277596115,1.978418943,9.855311932,7.476636928,37.24034796,62.75965204,11.83373088
13B-3,13,B,sample,UV Transmitted,3.862455818,0.922050244,1.164724325,15.778449,5.348367262,24.09283446,41.33992603,7.491192852,1.312219478,6.536700592,7.435141832,34.5672395,65.4327605,7.84892007
13B-mean,13,B,mean,UV Transmitted,4.221088748,1.018970297,1.252426991,17.77542961,5.896678094,21.79898253,39.15330874,8.883114984,2.270102677,9.018250432,8.168075382,39.04770873,60.95229127,11.28835311
13B-dev,13,B,dev,UV Transmitted,0.373260956,0.09136688,0.077810692,1.792749492,0.934565533,1.654847359,3.354362692,1.448432587,0.924488533,1.785413441,1.007325557,4.578135115,4.578135115,2.614236183
13C,13,C,sample,Site Reference,3.689897632,0.539562751,1.2831136,19.80699893,8.03924562,15.16276099,33.7413038,17.73711669,5.739129536,17.41612234,9.861921971,51.09593522,48.90406478,23.15525188
13C-2,13,C,sample,Site Reference,3.738743649,0.671025249,1.42722233,17.40654726,7.157264397,17.57542882,39.90627194,12.11749635,2.052881971,9.000357907,9.255511976,42.51829924,57.48170076,11.05323988
13C-3,13,C,sample,Site Reference,3.823934516,0.758182175,1.290586617,17.05986046,6.670009329,20.72889139,40.92791984,8.740615675,2.145728234,7.199000017,8.718778121,38.34318877,61.65681123,9.344728251
13C-mean,13,C,mean,Site Reference,3.750858599,0.656256725,1.333640849,18.09113555,7.288839782,17.8223604,38.19183186,12.86507624,3.312579914,11.20516009,9.278737356,43.98580774,56.01419226,14.51774
13C-dev,13,C,dev,Site Reference,0.055386825,0.089859873,0.066242391,1.221525898,0.566678078,2.279061695,3.174517405,3.710652628,1.716248313,4.45295869,0.466975395,5.308692331,5.308692331,6.147341514
14A,14,A,sample,UV Filtered,3.954347519,0.91832541,1.382719309,20.90802708,7.127869112,18.72130657,36.31195541,10.67544959,4.450799955,12.28564965,9.42891383,44.96673801,55.03326199,16.73644961
14A-2,14,A,sample,UV Filtered,3.120495529,0.790126033,1.273958319,17.88348742,6.205734241,23.73444778,37.99798333,8.993767358,2.588668748,8.257571056,8.269818593,38.2675689,61.7324311,10.8462398
14A-3,14,A,sample,UV Filtered,3.619862714,0.814182793,1.291094879,17.05652351,5.651495574,23.12858271,42.27239672,6.165861097,2.285984771,5.40654767,7.756773247,34.59902057,65.40097943,7.692532441
14A-mean,14,A,mean,UV Filtered,3.564901921,0.840878079,1.315924169,18.61601267,6.328366309,21.86144569,38.86077849,8.611692681,3.108484491,8.649922793,8.485168556,39.27777583,60.72222417,11.75840728
14A-dev,14,A,dev,UV Filtered,0.342629831,0.055637211,0.047746612,1.655488822,0.608932768,2.234147616,2.508655253,1.86074947,0.957170309,2.822051964,0.699426069,4.292456932,4.292456932,3.748079202
14B,14,B,sample,UV Transmitted,4.215822956,1.150406957,1.22534455,20.4636301,7.19259552,18.94876879,34.79456339,12.00886773,4.365749234,9.227495518,9.568347027,46.25666781,53.74333219,13.59324475
14B-2,14,B,sample,UV Transmitted,3.767821808,1.080313957,1.456369795,16.55571279,5.382559679,19.04012945,43.5069239,9.210168619,1.904351623,6.969936307,7.919243431,37.45294665,62.54705335,8.874287929
14B-3,14,B,sample,UV Transmitted,3.597450417,0.871680544,1.190105521,16.8022513,5.315011157,19.78042003,42.96163491,9.481446124,2.167790057,6.128939581,7.376797221,37.25794506,62.74205494,8.296729638
14B-mean,14,B,mean,UV Transmitted,3.86036506,1.034133819,1.290606622,17.9405314,5.963388785,19.25643942,40.42104073,10.23349416,2.812630305,7.442123802,8.288129227,40.32251984,59.67748016,10.25475411
14B-dev,14,B,dev,UV Transmitted,0.260792816,0.118382311,0.118091827,1.786936972,0.86961777,0.372382824,3.984743444,1.260254301,1.10347444,1.308302461,0.931944271,4.196831385,4.196831385,2.372415539
14C,14,C,sample,Site Reference,3.558157338,0.645659413,1.567196009,20.64738811,9.196645739,13.79834291,36.62156443,13.96504605,5.182336818,16.0901813,11.40950116,49.58009267,50.41990733,21.27251812
14C-2,14,C,sample,Site Reference,3.306824394,0.576836183,1.308067315,19.74018501,8.454519551,15.42489766,39.96211471,11.22655518,3.037365021,9.827155948,10.33942305,44.61298764,55.38701236,12.86452097
14C-3,14,C,sample,Site Reference,3.967537596,0.640120296,1.363915578,18.07574729,7.420110137,19.91983431,41.53944442,7.073290381,2.730360121,9.961626301,9.424146011,38.54072127,61.45927873,12.69198642
14C-mean,14,C,mean,Site Reference,3.610839776,0.620871964,1.413059634,19.48777347,8.357091809,16.38102496,39.37437452,10.75496387,3.650020653,11.95965452,10.39102341,44.24460053,55.75539947,15.60967517
14C-dev,14,C,dev,Site Reference,0.27229526,0.031220004,0.11135012,1.064931242,0.728532228,2.588924977,2.05027881,2.833239939,1.090736028,2.921239372,0.811338695,4.514326231,4.514326231,4.004854117
15A,15,A,sample,UV Filtered,2.61514973,0.514324668,1.088217988,17.31591533,6.870259404,11.63495327,50.15867839,9.802501223,2.947113843,11.94307842,8.472802059,38.20636834,61.79363166,14.89019226
15A-2,15,A,sample,UV Filtered,3.494299574,0.662060092,1.365894539,17.93315018,6.763852905,16.10132943,42.3284336,11.35097968,2.572290933,11.67900168,8.791807536,41.57023697,58.42976303,14.25129261
15A-3,15,A,sample,UV Filtered,3.900375847,0.489157642,1.330642044,17.80294844,6.936592541,20.84344638,41.55776127,7.139075838,2.335965977,9.14097102,8.756392227,37.59879235,62.40120765,11.476937
15A-mean,15,A,mean,UV Filtered,3.336608384,0.555180801,1.261584857,17.68400465,6.856901616,16.19324303,44.68162442,9.430852247,2.618456918,10.92101704,8.673667274,39.12513255,60.87486745,13.53947396
15A-dev,15,A,dev,UV Filtered,0.536408692,0.076270274,0.123430785,0.265650689,0.071150396,3.759913332,3.885620848,1.739468447,0.251626578,1.263291206,0.142767146,1.746651816,1.746651816,1.481573989
15B,15,B,sample,UV Transmitted,4.47007253,1.009974805,1.193843915,18.75205405,6.692808727,22.60145806,36.91413423,8.365653678,1.945459201,10.93509629,8.896627447,40.4844077,59.5155923,12.88055549
15B-2,15,B,sample,UV Transmitted,3.737113587,0.872163405,1.066258949,15.84737063,5.852138907,21.59826625,44.3061033,6.720584966,1.346129635,6.700626745,7.790561261,34.09563045,65.90436955,8.04675638
15B-3,15,B,sample,UV Transmitted,3.864822327,0.861408365,1.224116116,15.58202078,5.519792466,23.66866606,42.87042464,6.40874925,1.245002524,6.612069094,7.605316947,33.46090931,66.53909069,7.857071618
15B-mean,15,B,mean,UV Transmitted,4.024002815,0.914515525,1.161406327,16.72714849,6.021580033,22.62279679,41.36355406,7.164995964,1.51219712,8.082597377,8.097501885,36.01364915,63.98635085,9.594794497
15B-dev,15,B,dev,UV Transmitted,0.319698841,0.067642557,0.068405015,1.435916556,0.493642589,0.845371848,3.200343302,0.858484939,0.309131791,2.017345312,0.570105319,3.171905763,3.171905763,2.324674038
15C,15,C,sample,Site Reference,3.465838649,0.457859219,1.275202073,20.40855047,8.528550148,14.58215054,33.97912007,17.30272882,4.121459136,20.63146037,10.26161144,51.43872939,48.56127061,24.7529195
15C-2,15,C,sample,Site Reference,4.67595237,0.748268669,1.830129524,15.87669812,6.4939506,20.9242175,43.89377714,5.557006076,4.081685342,20.31739681,9.072348793,35.18200536,64.81799464,24.39908216
15C-3,15,C,sample,Site Reference,3.509625006,0.456165199,1.284095396,17.5178871,7.568183294,18.15936847,41.25734355,10.24733197,3.290204014,10.7461673,9.308443889,40.58328797,59.41671203,1041.890416
15C-mean,15,C,mean,Site Reference,3.883805342,0.554097696,1.463142331,17.93437856,7.530228014,17.88857884,39.71008026,11.03568896,3.831116164,17.23167483,9.547468041,42.4013409,57.5986591,363.680806
15C-dev,15,C,dev,Site Reference,0.5604177,0.137301354,0.25952453,1.87341405,0.831055266,2.596208597,4.192900664,4.827465225,0.382827162,4.587738359,0.514091963,6.760140846,6.760140846,479.5666362
16A,16,A,sample,UV Filtered,3.425316413,0.594348637,1.506316169,23.03339697,8.098529703,16.06425013,36.29474775,10.98309423,8.324577035,18.04506593,10.19919451,47.64100212,52.35899788,26.36964297
16A-2,16,A,sample,UV Filtered,3.658066783,0.610596887,1.454425842,20.06715505,6.525276901,17.46122321,39.53001668,10.69323865,4.087929462,10.82103115,8.590299629,43.00876011,56.99123989,14.90896061
16A-3,16,A,sample,UV Filtered,3.93123929,0.741289109,1.572160213,18.38608388,6.094818449,21.18740063,42.01981201,6.067196422,3.34292479,8.176256273,8.40826777,36.79278736,63.20721264,11.51918106
16A-mean,16,A,mean,UV Filtered,3.671540829,0.648744877,1.510967408,20.4955453,6.906208351,18.23762466,39.28152548,9.2478431,5.251810429,12.34745112,9.065920636,42.48084987,57.51915013,17.59926155
16A-dev,16,A,dev,UV Filtered,0.206761782,0.065773994,0.04817725,1.921287484,0.861218623,2.162370176,2.343843154,2.252167701,2.193958212,4.17099664,0.804784092,4.444469055,4.444469055,6.354124331
16B,16,B,sample,UV Transmitted,3.920242728,0.802560291,1.419535551,18.8072238,5.863857435,20.5353787,40.79656222,7.854639286,2.771631857,7.213969449,8.085953278,38.66805909,61.33194091,9.985601307
16B-2,16,B,sample,UV Transmitted,4.149434018,0.559755912,1.425399369,18.9057887,5.664298587,20.42285792,40.64931435,8.223151147,2.885743476,7.081765975,7.649453869,38.92782774,61.07217226,9.96750945
16B-3,16,B,sample,UV Transmitted,4.106933994,0.858135658,1.328620044,19.21546375,6.441072798,18.93008965,39.6449231,9.474761013,3.119608089,9.048113953,8.627828499,41.42498726,58.57501274,12.16772204
16B-mean,16,B,mean,UV Transmitted,4.058870247,0.74015062,1.391184988,18.97615875,5.98974294,19.96277542,40.36359989,8.517517149,2.925661141,7.781283126,8.121078549,39.67362469,60.32637531,10.70694427
16B-dev,16,B,dev,UV Transmitted,0.099548162,0.129560393,0.044304818,0.173932789,0.329373055,0.731662565,0.511724359,0.693391236,0.144837678,0.897409122,0.400191261,1.242932838,1.242932838,1.032952277
16C,16,C,sample,Site Reference,3.1761734,0.497396018,1.154252653,22.17182529,7.144960186,18.56236827,35.49248329,11.80054089,4.700805496,11.84203899,8.796608857,45.94514843,54.05485157,16.54284449
16C-2,16,C,sample,Site Reference,4.019103569,0.442727738,1.397535559,20.07899421,6.615125626,18.06076342,40.71623835,8.669511529,3.525340662,9.175666917,8.455388924,41.22299823,58.77700177,12.70100758
16C-3,16,C,sample,Site Reference,4.31965007,0.557682484,1.589374526,19.44893193,6.608330579,18.98075844,39.93200816,8.563263808,3.495577832,9.184717941,8.755387589,41.0872334,58.9127666,12.68029577
16C-mean,16,C,mean,Site Reference,3.838309013,0.499268747,1.380387579,20.56658381,6.78947213,18.53463005,38.7135766,9.677772075,3.90724133,10.06747462,8.669128457,42.75179335,57.24820665,13.97471595
16C-dev,16,C,dev,Site Reference,0.484010831,0.046948757,0.178051118,1.163857028,0.251383321,0.376098187,2.300048669,1.501650807,0.561266141,1.254811944,0.152070684,2.258723167,2.258723167,1.815960792
17A,17,A,sample,UV Filtered,3.725485038,0.930935741,1.596710339,23.40671017,7.991112247,15.56927958,31.53738064,15.24238625,8.948818065,23.30263225,10.51875833,52.89333978,47.10666022,32.25145031
17A-2,17,A,sample,UV Filtered,4.247523831,0.817375631,1.370094897,18.05066175,5.327207664,21.38758073,41.38062104,7.41893446,2.439355508,6.771297406,7.514678191,37.23179824,62.76820176,9.210652914
17A-3,17,A,sample,UV Filtered,4.483108387,0.965118453,1.43911987,17.76853726,6.143507287,21.25056234,42.87356935,5.076477059,2.285364779,6.560238059,8.54774561,35.87586832,64.12413168,8.845602838
17A-mean,17,A,mean,UV Filtered,4.152039085,0.904476608,1.468641702,19.74196973,6.487275733,19.40247421,38.59719034,9.245932589,4.557846117,12.21138924,8.860394043,42.00033545,57.99966455,16.76923535
17A-dev,17,A,dev,UV Filtered,0.316582046,0.063150876,0.094841248,2.593921155,1.114369617,2.711055066,5.029109159,4.346636173,3.105522422,7.843166457,1.246177127,7.722382797,7.722382797,10.94859353
17B,17,B,sample,UV Transmitted,4.510321544,1.093748388,1.564171055,17.53849571,5.479436624,18.89607422,39.0051158,11.91263666,2.377621494,9.97415748,8.137356067,42.09880998,57.90119002,12.35177897
17B-2,17,B,sample,UV Transmitted,3.694474106,0.543921222,1.413563327,16.06831319,4.775674443,22.64202615,42.27304747,8.588980085,4.069571742,5.942718693,6.733158992,35.08492638,64.91507362,10.01229044
17B-3,17,B,sample,UV Transmitted,4.505930337,0.910234551,1.481610353,16.6200885,4.986257989,22.38850932,39.92349281,9.183876143,2.010172913,8.981004742,7.378102893,37.68799787,62.31200213,10.99117766
17B-mean,17,B,mean,UV Transmitted,4.236908662,0.849301387,1.486448245,16.74229913,5.080456352,21.3088699,40.40055203,9.895164297,2.81912205,8.299293638,7.416205984,38.29057808,61.70942192,11.11841569
17B-dev,17,B,dev,UV Transmitted,0.407923719,0.274913583,0.075303864,0.735091258,0.35188109,1.872975967,1.633965836,1.661828289,0.845975124,2.015719393,0.702098538,3.506941804,3.506941804,1.169744269
17C,17,C,sample,Site Reference,3.176973082,0.356519426,0.982945763,21.54131057,7.387610121,12.54956602,33.71964932,20.28542571,6.159248888,19.83733456,8.72707531,53.73078466,46.26921534,25.99658345
17C-2,17,C,sample,Site Reference,3.716246483,0.425864422,1.264274018,17.62362133,6.401161869,20.93144684,42.55916217,7.078222867,2.365281536,6.587399009,8.091300309,36.50939099,63.49060901,8.952680546
17C-3,17,C,sample,Site Reference,4.507999426,0.717370239,1.435822425,17.97792949,6.22596014,19.48212996,40.72626788,8.926520436,2.505331033,8.542105409,8.379152804,39.79160216,60.20839784,11.04743644
17C-mean,17,C,mean,Site Reference,3.80040633,0.499918029,1.227680735,19.04762046,6.671577377,17.65438094,39.00169312,12.096723,3.676620486,11.65561299,8.399176141,43.34392594,56.65607406,15.33223348
17C-dev,17,C,dev,Site Reference,0.546638176,0.156346367,0.186688009,1.769227951,0.511338818,3.657820972,3.809187616,5.839245953,1.756414208,5.840128145,0.259939946,7.465849057,7.465849057,7.589170827
18A-2,18,A,sample,UV Filtered,3.352956626,0.76003359,1.3250109,16.97199911,6.492315173,21.06430727,42.63763346,7.395743864,2.925795552,8.203621144,8.577359662,36.29805926,63.70194074,11.1294167
18A-3,18,A,sample,UV Filtered,3.823802481,0.718171718,1.424179912,17.90554293,6.38158933,19.29253107,44.63476275,5.819419804,3.123306376,8.726134312,8.52394096,36.07270617,63.92729383,11.84944069
18A-4,18,A,sample,UV Filtered,4.28562687,0.978566349,1.282957447,16.38393285,4.852657199,20.92338602,46.01838345,5.274489815,2.047863897,5.887573037,7.114180996,33.05823053,66.94176947,7.935436934
18A-mean,18,A,mean,UV Filtered,3.820795326,0.818923886,1.34404942,17.0871583,5.908853901,20.42674145,44.43025989,6.163217828,2.698988609,7.605776164,8.071827206,35.14299866,64.85700134,10.30476477
18A-dev,18,A,dev,UV Filtered,0.38076697,0.114170607,0.059204702,0.62650913,0.748210602,0.804068652,1.387740052,0.899472992,0.467422132,1.233537323,0.677509207,1.477021688,1.477021688,1.700959424
18B,18,B,sample,UV Transmitted,3.833974003,0.759927261,1.321943667,19.96505391,6.964066165,18.937801,36.06693603,12.15029796,2.932858619,12.53407715,9.045937093,44.99526296,55.00473704,15.46693576
18B-2,18,B,sample,UV Transmitted,3.749527911,1.08000099,1.598508806,17.69055901,6.296818174,16.7930989,41.5709755,11.22051071,2.509804531,7.959692793,8.97532797,41.6359256,58.3640744,10.46949732
18B-3,18,B,sample,UV Transmitted,3.941339233,0.687552189,1.567477445,17.02785464,6.174084994,20.7958934,44.0832353,5.722562797,2.113587193,5.832504674,8.429114628,35.1208713,64.8791287,7.946091867
18B-4,18,B,sample,UV Transmitted,4.135791243,0.621520351,1.441162711,17.77820918,5.922572758,20.0630506,42.47217345,7.565519705,2.63606612,8.158384108,7.985255819,37.46477595,62.53522405,10.79445023
18B-mean,18,B,mean,UV Transmitted,3.915158098,0.787250198,1.482273157,18.11541919,6.339385523,19.14746097,41.04833007,9.164722792,2.548079116,8.62116468,8.608908878,39.80420895,60.19579105,11.1692438
18B-dev,,B,dev,UV Transmitted,0.144385467,0.175965653,0.109733895,1.106589583,0.385063316,1.511837617,3.01352885,2.624206497,0.294128014,2.436145496,0.4320086,3.798316272,3.798316272,2.715187837
18C,18,C,sample,Site Reference,3.626122001,0.517368453,1.492011185,22.62709423,8.697411709,14.78294537,33.19283097,15.06421608,6.93645634,18.23008927,10.70679135,52.02422365,47.97577635,25.16654561
18C-2,18,C,sample,Site Reference,3.971292834,0.72400662,1.353426559,18.69476379,6.911290407,15.29265186,42.00897615,11.04359178,3.168732951,9.626370031,8.988723586,42.69837199,57.30162801,12.79510298
18C-3,18,C,sample,Site Reference,5.807779322,0.751118776,1.546822402,18.45732786,6.703985753,20.4218262,37.84638556,8.464754125,3.550105005,10.18777247,9.001926931,41.73178824,58.26821176,13.73787748
18C-4,18,C,sample,Site Reference,4.027730243,0.492239328,1.358869216,18.78544952,6.771609526,17.55943881,41.37815386,9.626509503,2.576358424,9.780045156,8.622718069,41.06240733,58.93759267,12.35640358
18C-mean,18,C,mean,Site Reference,4.3582311,0.621183294,1.43778234,19.64115885,7.271074349,17.01421556,38.60658663,11.04976787,4.05791318,11.95606923,9.330039983,44.3791978,55.6208022,16.01398241
18C-dev,18,C,dev,Site Reference,0.850900379,0.117110988,0.083925088,1.728089116,0.826882297,2.227747005,3.505156749,2.49117407,1.697757774,3.628111768,0.809305823,4.45200719,4.45200719,5.307756929
19A,19,A,sample,UV Filtered,4.104272115,1.3319689,1.376516218,17.3130736,6.114078704,20.02121226,41.78179734,7.957080863,1.932935909,7.727077661,8.822563823,38.1969904,61.8030096,9.66001357
19A-2,19,A,sample,UV Filtered,4.091229905,1.297847617,1.414152974,15.83448379,5.645806055,22.89075783,43.09118352,5.734538308,1.45358725,6.208685911,8.357806646,34.01805865,65.98194135,7.662273161
19A-3,19,A,sample,UV Filtered,4.516143021,1.254076659,1.537240375,15.40940351,4.991810706,23.30671868,44.0307467,4.953860348,1.312560469,5.773775077,7.78312774,32.66253462,67.33746538,7.086335546
19A-mean,19,A,mean,UV Filtered,4.237215014,1.294631059,1.442636522,16.18565363,5.583898489,22.07289625,42.96790919,6.21515984,1.566361209,6.569846216,8.32116607,34.95919456,65.04080544,8.136207425
19A-dev,19,A,dev,UV Filtered,0.197303742,0.031880611,0.068636958,0.815875866,0.460250493,1.460664521,0.922258362,1.272289578,0.265524508,0.837327224,0.425138206,2.355398449,2.355398449,1.102849312
19B,19,B,sample,UV Transmitted,3.96880993,1.216556114,1.489405549,16.3719235,5.638060423,20.02029695,41.29904045,9.99590709,1.306436103,7.370248883,8.344022086,38.6806626,61.3193374,8.676684986
19B-2,19,B,sample,UV Transmitted,3.810461458,1.015094499,1.306974386,14.78687166,5.344503789,21.98919877,44.16855873,7.578336711,0.995939365,5.743023857,7.666572674,33.8422425,66.1577575,6.738963222
19B-3,19,B,sample,UV Transmitted,3.453365749,0.926750561,1.072021902,16.5247742,5.558844006,20.83354394,43.7003403,7.930359333,1.207064466,6.645509052,7.557616468,35.46611576,64.53388424,7.852573518
19B-mean,19,B,mean,UV Transmitted,3.744212379,1.052800391,1.289467279,15.89452312,5.513802739,20.94767989,43.05597983,8.501534378,1.169813311,6.586260597,7.85607041,35.99634029,64.00365971,7.756073909
19B-dev,19,B,dev,UV Transmitted,0.215580428,0.121279609,0.170845255,0.785709723,0.124003793,0.807842334,1.256963035,1.066409032,0.129467608,0.665631583,0.347889343,2.010544007,2.010544007,0.794009043
19C-2,19,C,sample,Site Reference,3.937434779,0.673142947,1.397008823,16.72745976,7.035168151,18.56492412,40.90866107,10.75620035,2.035498829,9.306546573,9.105319921,40.52641481,59.47358519,11.3420454
19C-3,19,C,sample,Site Reference,3.496512427,0.566233635,1.317400886,16.24328199,6.012123219,18.444245,41.03922538,12.88097747,1.966467067,11.23509896,7.89575774,40.51652962,59.48347038,13.20156603
19C-4,19,C,sample ,Site Reference,3.303876986,0.533920061,1.358972908,16.19700933,5.548441902,19.76427641,40.68420757,12.60929483,2.377155155,13.09294765,7.441334871,39.55151602,60.45,15.47010281
19C-5,19,C,sample ,Site Reference,3.069212539,0.415718184,1.3621908,15.9521504,5.539719524,19.29590546,40.0606374,14.30446569,2.458176285,13.65865317,7.317628509,40.64345714,59.35654286,16.11682946
19C-mean,19,C,mean,Site Reference,3.289867318,0.505290627,1.346188198,16.1308139,5.700094882,19.16814229,40.59469011,13.26491266,2.267266169,12.66223326,7.551573706,40.23716759,59.76283241,14.92949943
19C-dev,19,C,dev,Site Reference,0.174725502,0.064696515,0.020398051,0.127738733,0.220666086,0.546420658,0.404490328,0.743395692,0.215253619,1.035226197,0.248559587,0.487590135,0.487590135,1.250034459
20A,20,A,sample,UV Filtered,4.057163641,1.116771594,1.876864778,21.72482445,7.477579774,19.31081125,35.45313048,8.982854031,5.714263691,13.356098,10.47121615,45.23605827,54.76394173,19.07036169
20A-2,20,A,sample,UV Filtered,3.949479319,1.053577678,1.359086144,19.71394859,6.057482935,17.34014087,40.1777538,10.34853067,3.537747555,10.6134821,8.470146757,42.48210534,57.51789466,14.15122965
20A-3,20,A,sample,UV Filtered,3.984417,0.9202932,1.196161835,17.96549187,5.711720676,22.07033007,42.57112185,5.580463496,2.840118741,7.024732956,7.828175711,35.35854807,64.64145193,9.864851697
20A-mean,20,A,mean,UV Filtered,3.997019987,1.030214157,1.477370919,19.80142163,6.415594462,19.57376073,39.40066871,8.3039494,4.030709996,10.33143768,8.923179538,41.02557056,58.97442944,14.36214768
20A-dev,20,A,dev,UV Filtered,0.044856101,0.081895586,0.290209798,1.535986984,0.764088777,1.940022217,2.957402714,2.004877349,1.224046915,2.592451557,1.125564957,4.161924402,4.161924402,3.761091895
20B,20,B,sample,UV Transmitted,4.021447855,0.833668431,1.022717911,22.59167453,6.621364472,19.99140073,33.18871513,11.72901095,4.091592373,13.61114014,8.477750814,46.81988415,53.18011585,17.70273252
20B-2,20,B,sample,UV Transmitted,3.764863594,0.906160377,1.170087084,17.67043389,4.911464023,21.97504633,43.35907064,6.242874072,2.134246176,6.084213441,6.987711484,34.66588304,65.33411696,8.218459617
20B-3,20,B,sample,UV Transmitted,4.08386987,0.923169511,1.44756252,18.0175934,5.888617692,21.87641353,40.42201782,7.340755658,2.592110321,7.562828803,8.259349724,37.70156865,62.29843135,10.15493912
20B-mean,20,B,mean,UV Transmitted,3.956727106,0.887666106,1.213455838,19.42656727,5.807148729,21.28095353,38.98993453,8.437546893,2.93931629,9.086060796,7.908270674,39.72911194,60.27088806,12.02537709
20B-dev,20,B,dev,UV Transmitted,0.138040652,0.038808413,0.176132284,2.242551804,0.700436902,0.91274017,4.273732149,2.370181107,0.835948572,3.256156545,0.657011758,5.16482556,5.16482556,4.091598036
20C,20,C,sample,Site Reference,3.931133827,0.566278941,1.64411979,22.29426618,7.770323593,16.29017831,38.65381538,8.849883985,4.970987492,12.45732069,9.980722323,45.05600631,54.94399369,17.42830818
20C-2,20,C,sample,Site Reference,3.716214929,0.866281452,1.372198033,20.40006437,6.943128843,18.67816877,39.50042071,8.523522899,3.213331237,10.01574635,9.181608328,41.82141052,58.17858948,13.22907759
20C-3,20,C,sample,Site Reference,4.657754206,0.704554162,1.341655496,16.8574436,6.500870048,15.62375995,45.16599431,9.147968223,2.985380601,8.495458603,8.547079706,39.21024574,60.78975426,11.4808392
20C-mean,20,C,mean,Site Reference,4.101700987,0.712371518,1.452657773,19.85059138,7.071440828,16.86403568,41.10674346,8.840458369,3.72323311,10.32284188,9.236470119,42.02922086,57.97077914,14.04607499
20C-dev,20,C,dev,Site Reference,0.402859711,0.12260019,0.135957075,2.253323524,0.526134361,1.311319313,2.891057848,0.255015846,0.887189803,1.631935159,0.586566365,2.391041339,2.391041339,2.495824562
SW-control-1,L1,W,sample,Lab Control,3.696503759,2.837766234,1.56809274,15.05731263,1.357314652,29.0601927,38.51693882,7.905878452,0.580014217,4.705963164,5.763173626,32.42286847,67.57713153,5.285977381
SW-control-2,L1,W,sample,Lab Control,4.027032783,3.054386225,1.523525052,15.18053603,1.233244741,28.17492334,38.04923418,8.757117643,0.5326932,4.790375765,5.811156019,33.77584247,66.22415753,5.323068965
SW-control-3,L1,W,sample,Lab Control,3.6902526,3.228642145,1.520735033,15.63663449,1.519088402,28.19583908,38.21010334,7.998704914,0.62130299,4.923869263,6.26846558,33.59405758,66.40594242,5.545172254
SWcontrol-mean,L1,W,mean,Lab Control,3.80459638,3.040264868,1.537450942,15.29149438,1.369882598,28.47698504,38.25875878,8.220567003,0.578003469,4.806736064,5.947598408,33.26425618,66.73574382,5.384739533
SWcontrol-dev,L1,W,dev,Lab Control,0.157306991,0.15988653,0.021696941,0.249181688,0.117033085,0.412478485,0.19401447,0.381286532,0.036202726,0.089708831,0.227731397,0.599561723,0.599561723,0.114449231
SW-control2-1,L2,W,sample,Lab Control,4.612866081,4.053381846,1.092639801,14.1884309,1.154607453,29.59699025,39.66575829,5.635325378,0.380995344,3.758250572,6.3006291,30.73725146,69.26274854,4.139245916
SW-control2-2,L2,W,sample,Lab Control,4.001538992,3.482348572,0.826793195,14.16998648,0.896491212,28.77141684,41.33685999,6.514564724,0.267087087,3.87130671,5.205632979,29.89172317,70.10827683,4.138393797
SW-control2-3,L2,W,sample,Lab Control,4.129678587,3.98637194,0.958019694,14.13716968,0.995387498,28.37355255,41.70133116,5.718488902,0.353772008,3.624708622,5.939779133,29.9251163,70.0748837,3.97848063
SWcontrol2-mean,L2,W,mean,Lab Control,4.248027887,3.840700786,0.959150897,14.16519569,1.015495388,28.91398655,40.90131648,5.956126335,0.333951479,3.751421968,5.815347071,30.18469698,69.81530302,4.085373448
SWcontrol2-dev,L2,W,dev,Lab Control,0.263230089,0.254865734,0.10853437,0.021199718,0.106330441,0.509538709,0.886251594,0.396332452,0.048568939,0.100788976,0.455607016,0.390952782,0.390952782,0.075585437
SD-control-1,L3,D,sample,Lab Control,4.075612497,4.825929573,1.38108016,17.25954497,1.241863178,26.42361586,35.72447634,9.067877423,1.566472912,8.914343683,7.448872911,37.8519078,62.1480922,10.4808166
SD-control-2,L3,D,sample,Lab Control,4.142947466,3.342392754,1.272726792,15.48221414,1.734121122,29.04824682,38.15823329,6.819117617,0.787209475,5.545989825,6.349240667,32.79351989,67.20648011,6.3331993
SD-control-3,L3,D,sample,Lab Control,4.044085144,4.649803567,1.442597725,14.09782797,1.610621861,28.04182095,40.74465949,5.368583287,1.013262818,5.588434152,7.703023153,31.21351956,68.78648044,6.601696971
SD-control-mean,L3,D,mean,Lab Control,4.087548369,4.272708632,1.365468226,15.6131957,1.52886872,27.83789454,38.20912304,7.085192776,1.122315069,6.682922554,7.167045577,33.95298242,66.04701758,7.805237622
SD-control-dev,L3,D,dev,Lab Control,0.041233388,0.661750616,0.07022266,1.294084161,0.209112654,1.081160303,2.049797071,1.521904786,0.327345048,1.577948156,0.587509852,2.831408912,2.831408912,1.895092765