Pigment,Treatment,Site,mean,n,sd
neoxanthin,UV Filtered,1,3.8400297406666666,3,0.453101190598314
neoxanthin,UV Filtered,11,3.71933621425,4,1.3817420862114098
neoxanthin,UV Filtered,12,4.294058208333333,3,1.208750772529686
neoxanthin,UV Filtered,13,4.138732101333334,3,0.5859013898288459
neoxanthin,UV Filtered,14,4.091358182666666,3,0.43161541843493645
neoxanthin,UV Filtered,15,3.7532377003333335,3,0.8044156591855528
neoxanthin,UV Filtered,16,4.145129011,3,0.35201551597331937
neoxanthin,UV Filtered,17,4.716050143,3,0.5359900357657686
neoxanthin,UV Filtered,18,4.379264648666666,3,0.5415426786242735
neoxanthin,UV Filtered,19,4.892302841,3,0.3125564164762663
neoxanthin,UV Filtered,2,3.78595375025,4,0.8263365402013425
neoxanthin,UV Filtered,20,4.540341417333334,3,0.08849980092047015
neoxanthin,UV Filtered,3,4.652860965666666,3,0.0256183482744089
neoxanthin,UV Filtered,4,4.31668182875,4,0.23720025642391576
neoxanthin,UV Filtered,5,4.070542906666667,3,0.24336676120909653
neoxanthin,UV Filtered,6,4.150413518333333,3,0.3152047820317744
neoxanthin,UV Filtered,7,3.9073509626666665,3,0.1517689436370138
neoxanthin,UV Filtered,8,4.566143352,3,0.2980865164676447
neoxanthin,UV Filtered,9,4.642656972,3,0.24435064593642544
neoxanthin,UV Transmitted,1,4.457836419,3,0.6008804988003068
neoxanthin,UV Transmitted,11,3.96957827,3,0.3618858267910359
neoxanthin,UV Transmitted,12,4.302766159,3,0.3142819702101657
neoxanthin,UV Transmitted,13,4.844459097,3,0.4649167284903437
neoxanthin,UV Transmitted,14,4.380196677,3,0.3352972633675787
neoxanthin,UV Transmitted,15,4.650277958666667,3,0.4385704206812357
neoxanthin,UV Transmitted,16,4.623130136666666,3,0.131412507240601
neoxanthin,UV Transmitted,17,4.85742117,3,0.5071543090230142
neoxanthin,UV Transmitted,18,4.4452992545,4,0.2262091111464968
neoxanthin,UV Transmitted,19,4.296804427666666,3,0.29546298377215324
neoxanthin,UV Transmitted,2,4.328119637,3,0.6955643786232812
neoxanthin,UV Transmitted,20,4.531416941,3,0.17731478961446723
neoxanthin,UV Transmitted,3,4.687310907333333,3,0.2673685837473584
neoxanthin,UV Transmitted,4,4.874289628333333,3,0.3724347489120662
neoxanthin,UV Transmitted,5,4.379985672666667,3,0.09207412566128817
neoxanthin,UV Transmitted,6,4.355356761333333,3,0.8759474376623113
neoxanthin,UV Transmitted,7,4.502472162666667,3,0.6997396711920605
neoxanthin,UV Transmitted,8,5.003330932,3,0.08250915288662236
neoxanthin,UV Transmitted,9,4.844764727,3,0.9082060345681409
neoxanthin,Site Reference,1,4.115098937333333,3,0.17940562644270405
neoxanthin,Site Reference,11,3.6328390007499998,4,0.49325105629200233
neoxanthin,Site Reference,12,3.473759175,3,0.1406068246270866
neoxanthin,Site Reference,13,4.219565524333333,3,0.14894371171108212
neoxanthin,Site Reference,14,4.039691627333333,3,0.43497136773415035
neoxanthin,Site Reference,15,4.384846489333333,3,0.8561110384454005
neoxanthin,Site Reference,16,4.335111639666667,3,0.681204532628846
neoxanthin,Site Reference,17,4.284284729666666,3,0.8290509955948584
neoxanthin,Site Reference,18,4.89363991275,4,1.1711453491066826
neoxanthin,Site Reference,19,3.91336195025,4,0.40981355457164076
neoxanthin,Site Reference,2,4.163931539666667,3,0.9159998906079433
neoxanthin,Site Reference,20,4.601076173666667,3,0.5378465989258465
neoxanthin,Site Reference,3,4.420647281,3,0.29580816960807776
neoxanthin,Site Reference,4,4.156876387333334,3,0.5711963622281401
neoxanthin,Site Reference,5,3.943599647666667,3,0.14847838848815537
neoxanthin,Site Reference,6,4.591359260666667,3,0.37597840262422544
neoxanthin,Site Reference,7,2.7298260286666665,3,1.1692785156297447
neoxanthin,Site Reference,8,4.1271566103333335,3,0.16661131332929638
neoxanthin,Site Reference,9,4.17857825575,4,0.4768156520621472
neoxanthin,Lab Control,L1,4.521476163333333,3,0.22210267080177862
neoxanthin,Lab Control,L2,5.073853657333333,3,0.39536032866164716
neoxanthin,Lab Control,L3,4.841603401333333,3,0.0848700938810453
violaxanthin,UV Filtered,1,0.8497826013333333,3,0.24087931540877272
violaxanthin,UV Filtered,11,1.321581179,4,0.35642333922976654
violaxanthin,UV Filtered,12,0.7797688386666666,3,0.2734195198353075
violaxanthin,UV Filtered,13,0.9331769373333333,3,0.15470677336768898
violaxanthin,UV Filtered,14,0.9651939323333333,3,0.06263304355519117
violaxanthin,UV Filtered,15,0.6226458643333334,3,0.10240048608766873
violaxanthin,UV Filtered,16,0.732841793,3,0.10306428776848572
violaxanthin,UV Filtered,17,1.0256182146666668,3,0.08526229352158152
violaxanthin,UV Filtered,18,0.9389581693333333,3,0.16421758391705843
violaxanthin,UV Filtered,19,1.4941583576666666,3,0.031964739120578727
violaxanthin,UV Filtered,2,0.944095724,4,0.3804975545004266
violaxanthin,UV Filtered,20,1.169336976,3,0.10096249817743422
violaxanthin,UV Filtered,3,1.2006091133333334,3,0.1665833939777101
violaxanthin,UV Filtered,4,0.96885964825,4,0.22865671296730902
violaxanthin,UV Filtered,5,0.8332685826666667,3,0.12928779227404577
violaxanthin,UV Filtered,6,1.3898414463333335,3,0.6972642801470708
violaxanthin,UV Filtered,7,0.8970864083333333,3,0.15100585435786573
violaxanthin,UV Filtered,8,1.1664671373333333,3,0.22187689383374018
violaxanthin,UV Filtered,9,1.2598064843333334,3,0.1335706545356409
violaxanthin,UV Transmitted,1,0.942354965,3,0.20458562613813075
violaxanthin,UV Transmitted,11,0.946453669,3,0.15172723993581946
violaxanthin,UV Transmitted,12,1.0456018763333332,3,0.21629288348998954
violaxanthin,UV Transmitted,13,1.1693977420000001,3,0.11357708873561825
violaxanthin,UV Transmitted,14,1.173207436,3,0.15868387883366566
violaxanthin,UV Transmitted,15,1.0567882086666667,3,0.09148483560293924
violaxanthin,UV Transmitted,16,0.8427159186666666,3,0.17829254681538476
violaxanthin,UV Transmitted,17,0.9720669026666666,3,0.3114192705386716
violaxanthin,UV Transmitted,18,0.892119714,4,0.22158888012379344
violaxanthin,UV Transmitted,19,1.207795159,3,0.1647210283466229
violaxanthin,UV Transmitted,2,0.8667796136666667,3,0.20450573166669156
violaxanthin,UV Transmitted,20,1.017095116,3,0.06423056690274909
violaxanthin,UV Transmitted,3,0.8851423643333333,3,0.15169094955171825
violaxanthin,UV Transmitted,4,1.5177182126666666,3,0.1071996872034085
violaxanthin,UV Transmitted,5,0.8795542646666666,3,0.035325411919914985
violaxanthin,UV Transmitted,6,1.1841883420000001,3,0.40112397462395333
violaxanthin,UV Transmitted,7,0.9743276523333333,3,0.049472026731795626
violaxanthin,UV Transmitted,8,1.5470749473333334,3,0.17495064684676717
violaxanthin,UV Transmitted,9,1.276694096,3,0.4882427146527016
violaxanthin,Site Reference,1,0.6467334283333334,3,0.027695004815568375
violaxanthin,Site Reference,11,0.55966583925,4,0.13159472243873827
violaxanthin,Site Reference,12,0.5774997629999999,3,0.08953148701516608
violaxanthin,Site Reference,13,0.739528855,3,0.13620156551203538
violaxanthin,Site Reference,14,0.6940920143333333,3,0.046188271745250045
violaxanthin,Site Reference,15,0.626423395,3,0.2017609661622277
violaxanthin,Site Reference,16,0.563814497,3,0.06618702407523164
violaxanthin,Site Reference,17,0.56428322,3,0.22307921796693936
violaxanthin,Site Reference,18,0.6967675664999999,4,0.15655046797738675
violaxanthin,Site Reference,19,0.62039394375,4,0.11917381196883627
violaxanthin,Site Reference,2,0.7310155023333333,3,0.3102647789166987
violaxanthin,Site Reference,20,0.8000629403333334,3,0.17397243563137907
violaxanthin,Site Reference,3,0.8290325476666667,3,0.11200020888431614
violaxanthin,Site Reference,4,0.6961495303333334,3,0.11810376530774089
violaxanthin,Site Reference,5,0.6128598673333333,3,0.02897571291984863
violaxanthin,Site Reference,6,0.7403174786666666,3,0.04575909875416667
violaxanthin,Site Reference,7,0.35433189666666665,3,0.1581401650109735
violaxanthin,Site Reference,8,0.7974508653333333,3,0.008480073697984031
violaxanthin,Site Reference,9,0.7178001605,4,0.3164751584133358
violaxanthin,Lab Control,L1,3.6129169020000003,3,0.22381943426689485
violaxanthin,Lab Control,L2,4.587030715333333,3,0.3755009557922282
violaxanthin,Lab Control,L3,5.056814111666666,3,0.9313675050653597
antheraxanthin,UV Filtered,1,1.5588111146666666,3,0.16550726302819624
antheraxanthin,UV Filtered,11,1.7560581747500001,4,0.2258469000531065
antheraxanthin,UV Filtered,12,1.7662789190000001,3,0.16138288761627637
antheraxanthin,UV Filtered,13,1.417369294,3,0.6793082297077611
antheraxanthin,UV Filtered,14,1.5110419223333333,3,0.04310051329128762
antheraxanthin,UV Filtered,15,1.417280362,3,0.188834358079202
antheraxanthin,UV Filtered,16,1.7051400553333333,3,0.08878065641543152
antheraxanthin,UV Filtered,17,1.6640865023333333,3,0.0960465079817389
antheraxanthin,UV Filtered,18,1.5400781186666668,3,0.07521593980619262
antheraxanthin,UV Filtered,19,1.6658007073333334,3,0.11094054679497385
antheraxanthin,UV Filtered,2,1.92694654575,4,0.35631836911671155
antheraxanthin,UV Filtered,20,1.6762300046666667,3,0.39233466336219586
antheraxanthin,UV Filtered,3,1.834191068,3,0.3539988788230082
antheraxanthin,UV Filtered,4,2.02111533125,4,0.5103585247520289
antheraxanthin,UV Filtered,5,1.5844065216666665,3,0.07336233361646875
antheraxanthin,UV Filtered,6,1.6573264986666667,3,0.45135643470419456
antheraxanthin,UV Filtered,7,1.3342126423333334,3,0.14720577788757574
antheraxanthin,UV Filtered,8,1.8378965143333335,3,0.1591607664283646
antheraxanthin,UV Filtered,9,1.5504123906666667,3,0.13200707211653295
antheraxanthin,UV Transmitted,1,1.841602054,3,0.20621714649358172
antheraxanthin,UV Transmitted,11,1.115355069,3,0.1994616605207425
antheraxanthin,UV Transmitted,12,1.6419774356666668,3,0.23456318444034904
antheraxanthin,UV Transmitted,13,1.4381804853333333,3,0.10209838360454762
antheraxanthin,UV Transmitted,14,1.4649660869999999,3,0.16573032725935938
antheraxanthin,UV Transmitted,15,1.3426186163333333,3,0.10139195163212619
antheraxanthin,UV Transmitted,16,1.5848624256666666,3,0.06971412152267943
antheraxanthin,UV Transmitted,17,1.7044326203333333,3,0.0672929038223624
antheraxanthin,UV Transmitted,18,1.68264033275,4,0.14562578923059472
antheraxanthin,UV Transmitted,19,1.479462573,3,0.23551912960572394
antheraxanthin,UV Transmitted,2,1.4035808053333334,3,0.2264668170889321
antheraxanthin,UV Transmitted,20,1.391027043,3,0.25629854438480726
antheraxanthin,UV Transmitted,3,1.7441202873333332,3,0.12041127198137207
antheraxanthin,UV Transmitted,4,1.633812633,3,0.10561727224584487
antheraxanthin,UV Transmitted,5,1.5800021343333333,3,0.027953000379686958
antheraxanthin,UV Transmitted,6,1.947936719,3,1.1031801892214486
antheraxanthin,UV Transmitted,7,1.4198416753333334,3,0.19229887462137546
antheraxanthin,UV Transmitted,8,2.045795985,3,0.2644330235180178
antheraxanthin,UV Transmitted,9,1.750886718,3,0.3128597683761905
antheraxanthin,Site Reference,1,1.6128688076666666,3,0.09850708508577255
antheraxanthin,Site Reference,11,1.56630595675,4,0.19567941358361818
antheraxanthin,Site Reference,12,1.3796944796666666,3,0.05735456721591322
antheraxanthin,Site Reference,13,1.500037783,3,0.09582066587789416
antheraxanthin,Site Reference,14,1.5784618656666667,3,0.13613467798381462
antheraxanthin,Site Reference,15,1.6526070236666666,3,0.3896001650974162
antheraxanthin,Site Reference,16,1.5590984046666667,3,0.25097096376457717
antheraxanthin,Site Reference,17,1.3848721,3,0.2854333054865904
antheraxanthin,Site Reference,18,1.6113493305,4,0.11701296268783416
antheraxanthin,Site Reference,19,1.54085203,4,0.03761803354982936
antheraxanthin,Site Reference,2,1.695434187,3,0.4736255266065404
antheraxanthin,Site Reference,20,1.6294967263333333,3,0.18006191276089625
antheraxanthin,Site Reference,3,1.6868329233333332,3,0.13222974899128678
antheraxanthin,Site Reference,4,1.3476809103333334,3,0.2927823961026962
antheraxanthin,Site Reference,5,1.4881583066666666,3,0.0984852216297976
antheraxanthin,Site Reference,6,1.8581222443333332,3,0.31166841958823766
antheraxanthin,Site Reference,7,1.1474977646666666,3,0.4612625419099205
antheraxanthin,Site Reference,8,2.116832484333333,3,0.22506301042347546
antheraxanthin,Site Reference,9,1.81549614725,4,0.3887194697016409
antheraxanthin,Lab Control,L1,1.8273001366666666,3,0.03694069732666351
antheraxanthin,Lab Control,L2,1.145651262,3,0.16057216748254566
antheraxanthin,Lab Control,L3,1.617133638,3,0.09877976235892565
lutein,UV Filtered,1,20.448093743333335,3,1.414985270829845
lutein,UV Filtered,11,19.476227764999997,4,1.6044561309825167
lutein,UV Filtered,12,21.421927916666668,3,1.990344922279527
lutein,UV Filtered,13,18.690725653333335,3,1.480183450721489
lutein,UV Filtered,14,21.36190043,3,1.976138489160068
lutein,UV Filtered,15,19.84729108333333,3,0.6819590644672142
lutein,UV Filtered,16,23.096112413333334,3,2.310091658997111
lutein,UV Filtered,17,22.34081389,3,3.061149328069787
lutein,UV Filtered,18,19.579930493333332,3,0.7810328254345748
lutein,UV Filtered,19,18.675796206666668,3,0.9574164966904373
lutein,UV Filtered,2,20.9249497025,4,2.6593078231405376
lutein,UV Filtered,20,22.478782186666667,3,1.9327533140515665
lutein,UV Filtered,3,19.352330086666665,3,1.1679405267582101
lutein,UV Filtered,4,22.615410955,4,1.1652139685133622
lutein,UV Filtered,5,22.070955143333332,3,1.4421731519596217
lutein,UV Filtered,6,20.075427336666667,3,0.44129630778456086
lutein,UV Filtered,7,22.550712113333333,3,1.5086133572462617
lutein,UV Filtered,8,20.869963706666667,3,0.6637392742267525
lutein,UV Filtered,9,23.745552683333333,3,1.8956157818879573
lutein,UV Transmitted,1,23.547014803333333,3,0.7962000452202985
lutein,UV Transmitted,11,18.119692456666666,3,1.724093403830414
lutein,UV Transmitted,12,20.557229456666665,3,0.7872341402953639
lutein,UV Transmitted,13,20.396858836666667,3,2.2578394211894786
lutein,UV Transmitted,14,20.35372108,3,2.3600426084551556
lutein,UV Transmitted,15,19.328607773333335,3,1.9529585529822038
lutein,UV Transmitted,16,21.6142872,3,0.1337129964230673
lutein,UV Transmitted,17,19.198283763333333,3,0.6281087311822909
lutein,UV Transmitted,18,20.557562805,4,1.3537639847876992
lutein,UV Transmitted,19,18.238071926666667,3,1.0142025354330855
lutein,UV Transmitted,2,19.70473584333333,3,1.8264169957747365
lutein,UV Transmitted,20,22.229496783333335,3,2.896500787199812
lutein,UV Transmitted,3,19.836275136666668,3,2.500976632190119
lutein,UV Transmitted,4,19.577983486666668,3,1.2897323330180595
lutein,UV Transmitted,5,20.375520093333332,3,1.501084819104372
lutein,UV Transmitted,6,19.872207073333332,3,1.4952698912606994
lutein,UV Transmitted,7,17.546622613333334,3,1.2269065721352332
lutein,UV Transmitted,8,20.67366552,3,0.3883189382893854
lutein,UV Transmitted,9,21.628660173333333,3,1.127929118494987
lutein,Site Reference,1,21.538269426666666,3,1.4571968182477866
lutein,Site Reference,11,21.4408719075,4,1.145949934936619
lutein,Site Reference,12,20.170115536666668,3,1.0600092010085502
lutein,Site Reference,13,20.329762640000002,3,1.3524742174264157
lutein,Site Reference,14,21.76614862,3,1.0729931470204563
lutein,Site Reference,15,20.172092833333334,3,2.157356607908264
lutein,Site Reference,16,23.218799766666667,3,1.5437267990083856
lutein,Site Reference,17,21.38398871,3,1.8382004038745525
lutein,Site Reference,18,21.98973272,4,1.977275676713214
lutein,Site Reference,19,18.4593870575,4,0.34364538568797764
lutein,Site Reference,2,22.954342843333333,3,1.5806318483806494
lutein,Site Reference,20,22.273623213333334,3,3.088352888367341
lutein,Site Reference,3,21.354678113333335,3,3.10377862696008
lutein,Site Reference,4,20.548384246666668,3,0.20052167405419574
lutein,Site Reference,5,21.821128163333334,3,1.4449958468635191
lutein,Site Reference,6,21.06958657,3,1.9891821988388854
lutein,Site Reference,7,17.505330394333335,3,6.72487553367567
lutein,Site Reference,8,23.102743136666668,3,0.41590602739233834
lutein,Site Reference,9,24.674923125,4,2.8315211018532818
lutein,Lab Control,L1,18.1732841,3,0.33176975891837596
lutein,Lab Control,L2,16.917338906666668,3,0.06953910066051024
lutein,Lab Control,L3,18.484178133333334,3,1.7431526621269837
zeaxanthin,UV Filtered,1,7.10251224,3,0.9437758006846193
zeaxanthin,UV Filtered,11,6.73807272575,4,1.3625148065703396
zeaxanthin,UV Filtered,12,7.824537908333333,3,1.2760614718793306
zeaxanthin,UV Filtered,13,6.217507675,3,0.4389864340881983
zeaxanthin,UV Filtered,14,7.261550264666667,3,0.744087531800459
zeaxanthin,UV Filtered,15,7.695121887,3,0.21689683523696812
zeaxanthin,UV Filtered,16,7.780442176666666,3,1.0792428223362485
zeaxanthin,UV Filtered,17,7.337028814333333,3,1.3780833443253486
zeaxanthin,UV Filtered,18,6.7695988326666665,3,1.0309011727886528
zeaxanthin,UV Filtered,19,6.441724632666666,3,0.5921809148320994
zeaxanthin,UV Filtered,2,7.1999723555,4,1.684667065664811
zeaxanthin,UV Filtered,20,7.282895745,3,1.0175038078748992
zeaxanthin,UV Filtered,3,6.932958308333333,3,0.40116298526472716
zeaxanthin,UV Filtered,4,7.3086568207500004,4,0.4919587747674151
zeaxanthin,UV Filtered,5,7.829251729666667,3,1.2248369705857365
zeaxanthin,UV Filtered,6,7.70042163,3,0.5923570745431815
zeaxanthin,UV Filtered,7,7.708790633,3,0.8187120571820926
zeaxanthin,UV Filtered,8,6.18913903,3,0.12655412346643946
zeaxanthin,UV Filtered,9,9.387824895333333,3,1.6424983629454188
zeaxanthin,UV Transmitted,1,8.831428646666666,3,0.31805395919266655
zeaxanthin,UV Transmitted,11,6.185530252333333,3,0.8420315069188499
zeaxanthin,UV Transmitted,12,7.191998419333333,3,0.11824629165593334
zeaxanthin,UV Transmitted,13,6.764767088,3,1.2399832522085812
zeaxanthin,UV Transmitted,14,6.763952110000001,3,1.1654256239304395
zeaxanthin,UV Transmitted,15,6.957786371333333,3,0.6652302825787496
zeaxanthin,UV Transmitted,16,6.821221047666667,3,0.4251252190801262
zeaxanthin,UV Transmitted,17,5.8244676433333336,3,0.34372313270286703
zeaxanthin,UV Transmitted,18,7.1938737685,4,0.4682963788537744
zeaxanthin,UV Transmitted,19,6.327407812666666,3,0.13591502237180433
zeaxanthin,UV Transmitted,2,6.969463463666667,3,0.4737615719482725
zeaxanthin,UV Transmitted,20,6.645380594,3,0.9195722347743887
zeaxanthin,UV Transmitted,3,7.197954773666667,3,0.912432267010156
zeaxanthin,UV Transmitted,4,5.6437842620000005,3,0.5809550987207674
zeaxanthin,UV Transmitted,5,5.905964460666667,3,0.391156402177089
zeaxanthin,UV Transmitted,6,6.996922843,3,0.6257176047065993
zeaxanthin,UV Transmitted,7,6.442557627333333,3,0.7444201728486369
zeaxanthin,UV Transmitted,8,6.208038823,3,0.41616298151737524
zeaxanthin,UV Transmitted,9,8.629352321,3,0.5080709287957644
zeaxanthin,Site Reference,1,8.222870194333334,3,0.2364895341669521
zeaxanthin,Site Reference,11,8.515620041,4,0.9772679094698153
zeaxanthin,Site Reference,12,8.608973420666667,3,1.0076045375455611
zeaxanthin,Site Reference,13,8.189080085666667,3,0.6382504037074663
zeaxanthin,Site Reference,14,9.329743922,3,0.8340978954220057
zeaxanthin,Site Reference,15,8.469078128,3,0.9740102904044878
zeaxanthin,Site Reference,16,7.665449938666667,3,0.3288197127003701
zeaxanthin,Site Reference,17,7.493091622666667,3,0.5088659717238042
zeaxanthin,Site Reference,18,8.13822378675,4,0.9682638582221351
zeaxanthin,Site Reference,19,6.840549498250001,4,0.7828032741094477
zeaxanthin,Site Reference,2,9.544863769666668,3,0.6950869678975964
zeaxanthin,Site Reference,20,7.933515740333334,3,0.7030929709016267
zeaxanthin,Site Reference,3,8.537298796,3,0.3884355709418572
zeaxanthin,Site Reference,4,6.406827106666666,3,0.3260711887713971
zeaxanthin,Site Reference,5,7.641631893666666,3,0.5120088202781146
zeaxanthin,Site Reference,6,8.541645473666666,3,0.7892916652628907
zeaxanthin,Site Reference,7,7.131078430666666,3,2.541483956983236
zeaxanthin,Site Reference,8,10.86584992,3,0.1586576839868803
zeaxanthin,Site Reference,9,10.0408815505,4,1.4349271763672695
zeaxanthin,Lab Control,L1,1.62807626,3,0.16999056285527267
zeaxanthin,Lab Control,L2,1.2129624443333333,3,0.15773178701008828
zeaxanthin,Lab Control,L3,1.812604451,3,0.3177582572877887
chlorophyll.b,UV Filtered,1,14.277837753333333,3,2.4303025680122294
chlorophyll.b,UV Filtered,11,13.440465103,4,3.69896568197938
chlorophyll.b,UV Filtered,12,11.821718857666667,3,2.6058720241171636
chlorophyll.b,UV Filtered,13,13.428461546666668,3,2.659776075006025
chlorophyll.b,UV Filtered,14,13.86191735,3,1.935566535157261
chlorophyll.b,UV Filtered,15,10.053228946333334,3,3.048215225781839
chlorophyll.b,UV Filtered,16,11.358995158,3,1.8380279909920114
chlorophyll.b,UV Filtered,17,12.162517701333334,3,2.31856044927251
chlorophyll.b,UV Filtered,18,12.906178336666667,3,0.6822618623240322
chlorophyll.b,UV Filtered,19,14.05257865,3,1.275481468393165
chlorophyll.b,UV Filtered,2,12.07985933825,4,3.0201361912617193
chlorophyll.b,UV Filtered,20,12.26956256,3,1.6606662271223662
chlorophyll.b,UV Filtered,3,12.35524079,3,2.3016182902294378
chlorophyll.b,UV Filtered,4,13.249972245,4,2.525489894212531
chlorophyll.b,UV Filtered,5,11.75407878,3,1.0614873154940483
chlorophyll.b,UV Filtered,6,12.54162816,3,0.43581005306725595
chlorophyll.b,UV Filtered,7,13.434640026666667,3,1.4252291845527985
chlorophyll.b,UV Filtered,8,17.972108866666666,3,0.7453344194569608
chlorophyll.b,UV Filtered,9,10.787623348,3,2.7473537248188484
chlorophyll.b,UV Transmitted,1,12.06123534,3,2.3325715908180316
chlorophyll.b,UV Transmitted,11,13.782380263333334,3,0.8967949439924775
chlorophyll.b,UV Transmitted,12,12.93180748,3,1.2165546341085878
chlorophyll.b,UV Transmitted,13,13.813704403333334,3,1.4681455113026278
chlorophyll.b,UV Transmitted,14,12.04880178,3,0.3456073084689859
chlorophyll.b,UV Transmitted,15,14.41574662,3,0.7320937178219519
chlorophyll.b,UV Transmitted,16,12.536111433333334,3,0.6254214512178436
chlorophyll.b,UV Transmitted,17,13.48405453,3,1.474980630816206
chlorophyll.b,UV Transmitted,18,11.988763729999999,4,1.2087970676837962
chlorophyll.b,UV Transmitted,19,13.25479266,3,0.7107693512607267
chlorophyll.b,UV Transmitted,2,13.677760006666666,3,1.186674647181399
chlorophyll.b,UV Transmitted,20,13.4410764,3,0.8412013519099446
chlorophyll.b,UV Transmitted,3,14.00816867,3,1.2906610184852327
chlorophyll.b,UV Transmitted,4,14.44752712,3,1.2665050791519785
chlorophyll.b,UV Transmitted,5,13.94618202,3,0.5899610836765852
chlorophyll.b,UV Transmitted,6,14.331832196666666,3,1.1248898399065264
chlorophyll.b,UV Transmitted,7,15.442464373333335,3,2.6315888135562773
chlorophyll.b,UV Transmitted,8,17.892420606666665,3,0.5751966621333651
chlorophyll.b,UV Transmitted,9,12.007541463333332,3,1.556247630302737
chlorophyll.b,Site Reference,1,10.583753003333333,3,2.0049564587643873
chlorophyll.b,Site Reference,11,10.751350147,4,2.208137754625679
chlorophyll.b,Site Reference,12,8.816544401333333,3,0.9879670618160435
chlorophyll.b,Site Reference,13,11.069289878333333,3,1.923504571608043
chlorophyll.b,Site Reference,14,10.116861315666666,3,2.14956778952295
chlorophyll.b,Site Reference,15,11.137458053333333,3,2.1976340156752796
chlorophyll.b,Site Reference,16,11.536043376666667,3,0.3098012401535049
chlorophyll.b,Site Reference,17,10.996017543666666,3,3.030438686752244
chlorophyll.b,Site Reference,18,10.52508810875,4,1.7395003071399986
chlorophyll.b,Site Reference,19,11.8872216425,4,0.4254435549191592
chlorophyll.b,Site Reference,2,10.882806853333333,3,0.5449558595065684
chlorophyll.b,Site Reference,20,10.434730848,3,1.06295820815944
chlorophyll.b,Site Reference,3,11.339467366666668,3,0.4446203519360902
chlorophyll.b,Site Reference,4,10.218943644666666,3,4.561044535017234
chlorophyll.b,Site Reference,5,10.099470433333334,3,0.9220800683119892
chlorophyll.b,Site Reference,6,12.154851313333333,3,1.541606262011316
chlorophyll.b,Site Reference,7,8.88391931,3,3.6676583663948965
chlorophyll.b,Site Reference,8,13.351253516666667,3,0.3820664845295687
chlorophyll.b,Site Reference,9,10.773809513,4,2.8670184131257206
chlorophyll.b,Lab Control,L1,18.656454686666667,3,0.3858873509440134
chlorophyll.b,Lab Control,L2,19.035170686666667,3,0.4551844553944801
chlorophyll.b,Lab Control,L3,18.17998572666667,3,1.0157766157728714
chlorophyll.a,UV Filtered,1,42.85772481,3,1.038255966529969
chlorophyll.a,UV Filtered,11,42.3776700325,4,4.666888074411114
chlorophyll.a,UV Filtered,12,42.16365763333333,3,3.126147919120778
chlorophyll.a,UV Filtered,13,46.25370964666667,3,3.061277671488003
chlorophyll.a,UV Filtered,14,41.07609347333334,3,3.74943855434162
chlorophyll.a,UV Filtered,15,46.05066343,3,4.138505598130866
chlorophyll.a,UV Filtered,16,40.780219556666665,3,3.6104377826306107
chlorophyll.a,UV Filtered,17,40.353285293333336,3,7.233579724170389
chlorophyll.a,UV Filtered,18,46.822464446666665,3,1.8430990139059764
chlorophyll.a,UV Filtered,19,45.61545941333333,3,1.6476489359143185
chlorophyll.a,UV Filtered,2,39.76426725,4,3.564569363289937
chlorophyll.a,UV Filtered,20,41.175943413333336,3,4.171435370809402
chlorophyll.a,UV Filtered,3,44.134063213333334,3,3.27862563710575
chlorophyll.a,UV Filtered,4,41.438227870000006,4,1.8946088706388227
chlorophyll.a,UV Filtered,5,42.04841132333333,3,3.2320831748827517
chlorophyll.a,UV Filtered,6,43.35778199,3,2.0049499111089593
chlorophyll.a,UV Filtered,7,40.893151413333335,3,1.1760824279776165
chlorophyll.a,UV Filtered,8,40.46995673333333,3,0.39686058016039744
chlorophyll.a,UV Filtered,9,40.02465934,3,4.315271219888365
chlorophyll.a,UV Transmitted,1,39.9749967,3,2.6301101528371804
chlorophyll.a,UV Transmitted,11,43.065431733333334,3,6.085000049423258
chlorophyll.a,UV Transmitted,12,43.49608726666666,3,1.3461627243950818
chlorophyll.a,UV Transmitted,13,41.38520118666667,3,4.751129325246523
chlorophyll.a,UV Transmitted,14,42.20634247666667,3,5.316754242748675
chlorophyll.a,UV Transmitted,15,43.97003573666667,3,4.281555907803196
chlorophyll.a,UV Transmitted,16,42.27893063,3,0.8716618441419354
chlorophyll.a,UV Transmitted,17,42.62481548,3,2.2101391285750753
chlorophyll.a,UV Transmitted,18,42.861805345,4,3.9126372989795475
chlorophyll.a,UV Transmitted,19,45.44446292,3,1.894365382735472
chlorophyll.a,UV Transmitted,2,41.060739393333336,3,3.3858724189548273
chlorophyll.a,UV Transmitted,20,41.10322062666667,3,5.913197429988613
chlorophyll.a,UV Transmitted,3,44.465697676666665,3,5.0919697021685035
chlorophyll.a,UV Transmitted,4,44.958869953333334,3,3.2033907253424507
chlorophyll.a,UV Transmitted,5,42.32102656,3,3.115857888696286
chlorophyll.a,UV Transmitted,6,40.624580736666665,3,4.731756663579782
chlorophyll.a,UV Transmitted,7,44.83095655666666,3,2.313507348615978
chlorophyll.a,UV Transmitted,8,40.71395949666667,3,0.9014335770177747
chlorophyll.a,UV Transmitted,9,42.656311833333334,3,2.9199062606678883
chlorophyll.a,Site Reference,1,38.079698083333334,3,6.040950219461667
chlorophyll.a,Site Reference,11,39.4411515975,4,3.807718630035651
chlorophyll.a,Site Reference,12,37.68324412333333,3,3.841031716242625
chlorophyll.a,Site Reference,13,39.54139067,3,4.633990303823913
chlorophyll.a,Site Reference,14,40.49943811333333,3,3.25938692307732
chlorophyll.a,Site Reference,15,41.21446851,3,6.122045645344705
chlorophyll.a,Site Reference,16,40.19789693,3,3.0062489509174375
chlorophyll.a,Site Reference,17,40.427572266666665,3,5.831163423223537
chlorophyll.a,Site Reference,18,39.795722765,4,4.38178882965932
chlorophyll.a,Site Reference,19,42.4070522525,4,0.4048679587668802
chlorophyll.a,Site Reference,2,40.14690074,3,3.3849632926840334
chlorophyll.a,Site Reference,20,42.40909534,3,3.593133098776269
chlorophyll.a,Site Reference,3,39.44238777666667,3,4.603676771839492
chlorophyll.a,Site Reference,4,41.67095668333334,3,2.433637789263978
chlorophyll.a,Site Reference,5,38.723820653333334,3,4.8973901392126065
chlorophyll.a,Site Reference,6,39.92064066666667,3,3.8916012331449368
chlorophyll.a,Site Reference,7,33.04164348333333,3,11.056635665981254
chlorophyll.a,Site Reference,8,39.44080212666667,3,0.3259239973568244
chlorophyll.a,Site Reference,9,39.02590211,4,4.369647932930333
chlorophyll.a,Lab Control,L1,41.81113096,3,0.3782106166038293
chlorophyll.a,Lab Control,L2,44.914867406666666,3,1.0918128630638486
chlorophyll.a,Lab Control,L3,41.626376083333334,3,3.0069013583689714
beta.carotene.sum,UV Filtered,1,9.065208003,3,1.9560527847115845
beta.carotene.sum,UV Filtered,11,11.1705888055,4,5.969177365610448
beta.carotene.sum,UV Filtered,12,9.928051721,3,3.0184649691103917
beta.carotene.sum,UV Filtered,13,8.920317144333334,3,2.0293389078232478
beta.carotene.sum,UV Filtered,14,9.870944443333332,3,2.489911203847486
beta.carotene.sum,UV Filtered,15,10.560530727333333,3,2.271672617095517
beta.carotene.sum,UV Filtered,16,10.401119844,3,2.9775178885207163
beta.carotene.sum,UV Filtered,17,10.400599442999999,3,5.742148335723101
beta.carotene.sum,UV Filtered,18,7.063526949,3,1.2666521141618845
beta.carotene.sum,UV Filtered,19,7.162179197666667,3,1.7174675523861156
beta.carotene.sum,UV Filtered,2,13.3739553375,4,3.1953844489371823
beta.carotene.sum,UV Filtered,20,9.406907697333333,3,2.6744657132257252
beta.carotene.sum,UV Filtered,3,9.537746453333334,3,3.057905932794397
beta.carotene.sum,UV Filtered,4,8.081075300750001,4,1.752861012159486
beta.carotene.sum,UV Filtered,5,9.809085017000001,3,2.1521048412185477
beta.carotene.sum,UV Filtered,6,9.127159419666667,3,0.9401118081260839
beta.carotene.sum,UV Filtered,7,9.274055801,3,0.12464602249984064
beta.carotene.sum,UV Filtered,8,6.928324658666667,3,0.8370387955111839
beta.carotene.sum,UV Filtered,9,8.601463888666666,3,3.07671771153699
beta.carotene.sum,UV Transmitted,1,8.343531073333335,3,3.3632532229673817
beta.carotene.sum,UV Transmitted,11,12.81557829,3,4.405380387720815
beta.carotene.sum,UV Transmitted,12,8.832531901333333,3,0.4899012927641746
beta.carotene.sum,UV Transmitted,13,10.187431157333334,3,1.9069821204716733
beta.carotene.sum,UV Transmitted,14,11.608812346666667,3,1.680720605038562
beta.carotene.sum,UV Transmitted,15,8.278138713666667,3,1.1781960599816255
beta.carotene.sum,UV Transmitted,16,9.698741208666666,3,0.915549960932233
beta.carotene.sum,UV Transmitted,17,11.334457891,3,1.8853477648011725
beta.carotene.sum,UV Transmitted,18,10.3779350515,4,3.344674832573918
beta.carotene.sum,UV Transmitted,19,9.751202516666666,3,1.4375490659215515
beta.carotene.sum,UV Transmitted,2,11.988821243333334,3,2.664568838290994
beta.carotene.sum,UV Transmitted,20,9.641286497,3,3.2069480853160686
beta.carotene.sum,UV Transmitted,3,7.175330183,3,5.191852381323811
beta.carotene.sum,UV Transmitted,4,7.346014708333334,3,1.6043401374835786
beta.carotene.sum,UV Transmitted,5,10.611764803,3,0.9733634734523171
beta.carotene.sum,UV Transmitted,6,10.686975329000001,3,2.5679839041686576
beta.carotene.sum,UV Transmitted,7,8.840757337,3,2.2494729828710183
beta.carotene.sum,UV Transmitted,8,5.915713686,3,0.19904458649229773
beta.carotene.sum,UV Transmitted,9,7.205788668333334,3,1.4603525121235956
beta.carotene.sum,Site Reference,1,15.20070811,3,5.95128845659682
beta.carotene.sum,Site Reference,11,14.0921955125,4,2.5725812763719205
beta.carotene.sum,Site Reference,12,19.2901691,3,2.4428415619457904
beta.carotene.sum,Site Reference,13,14.41134457,3,4.848949421228803
beta.carotene.sum,Site Reference,14,11.975562524,3,3.6804314981616604
beta.carotene.sum,Site Reference,15,12.343025570666667,3,6.38012044559695
beta.carotene.sum,Site Reference,16,10.923785446,3,2.046939757535077
beta.carotene.sum,Site Reference,17,13.465889806,3,7.573668729679108
beta.carotene.sum,Site Reference,18,12.34947580925,4,3.041676499338664
beta.carotene.sum,Site Reference,19,14.3311816225,4,1.6675759698244548
beta.carotene.sum,Site Reference,2,9.880704567666667,3,0.10254744527379914
beta.carotene.sum,Site Reference,20,9.918399016,3,0.30197625691051616
beta.carotene.sum,Site Reference,3,12.389655193333333,3,0.5247809883604568
beta.carotene.sum,Site Reference,4,14.954181486666668,3,5.637486814701245
beta.carotene.sum,Site Reference,5,15.669331036666668,3,3.7160211901806024
beta.carotene.sum,Site Reference,6,11.123476993999999,3,2.059282798529546
beta.carotene.sum,Site Reference,7,11.640946787666667,3,4.829421127570029
beta.carotene.sum,Site Reference,8,6.197911336333333,3,0.2651659287741767
beta.carotene.sum,Site Reference,9,8.77260913625,4,2.2665400386505112
beta.carotene.sum,Lab Control,L1,9.769360792666667,3,0.5374330797903342
beta.carotene.sum,Lab Control,L2,7.1131249180000005,3,0.5764057237963379
beta.carotene.sum,Lab Control,L3,8.381304456666665,3,2.138212056913403
beta.tocopherol,UV Filtered,1,5.337682128666667,3,1.3751808078862429
beta.tocopherol,UV Filtered,11,3.68943175675,4,1.819670929978746
beta.tocopherol,UV Filtered,12,5.266240274333334,3,1.9868075225496906
beta.tocopherol,UV Filtered,13,4.666286725666667,3,0.3792911718303161
beta.tocopherol,UV Filtered,14,5.251943506666667,3,1.8410214863100678
beta.tocopherol,UV Filtered,15,3.874869638,3,0.06795610127882772
beta.tocopherol,UV Filtered,16,8.312742870000001,3,4.1381918085940415
beta.tocopherol,UV Filtered,17,7.4259272156666665,3,6.159862887002185
beta.tocopherol,UV Filtered,18,4.286105896333333,3,0.9079107921478459
beta.tocopherol,UV Filtered,19,2.570997392333333,3,0.4811677456519518
beta.tocopherol,UV Filtered,2,7.44908702375,4,4.909794763354236
beta.tocopherol,UV Filtered,20,6.599034242666667,3,2.6302692302279533
beta.tocopherol,UV Filtered,3,5.631269990666667,3,2.580603238442112
beta.tocopherol,UV Filtered,4,6.0408296045,4,1.1509924834635332
beta.tocopherol,UV Filtered,5,5.835107095333333,3,2.468267175095395
beta.tocopherol,UV Filtered,6,5.769626876,3,1.4979029628392801
beta.tocopherol,UV Filtered,7,6.465602983,3,1.533446987543487
beta.tocopherol,UV Filtered,8,4.952931299333333,3,0.9397096549540929
beta.tocopherol,UV Filtered,9,8.692926662,3,4.47205417904045
beta.tocopherol,UV Transmitted,1,8.691571762333334,3,2.37298134551384
beta.tocopherol,UV Transmitted,11,2.464884549333333,3,1.032567681064612
beta.tocopherol,UV Transmitted,12,3.9832290803333334,3,0.6257657438171889
beta.tocopherol,UV Transmitted,13,3.858846165666667,3,1.9849178460630752
beta.tocopherol,UV Transmitted,14,4.5846083239999995,3,2.3919473360791508
beta.tocopherol,UV Transmitted,15,2.5634025693333333,3,0.7351387866877672
beta.tocopherol,UV Transmitted,16,4.753029979,3,0.2428150605641311
beta.tocopherol,UV Transmitted,17,4.682218075,3,1.843165230600819
beta.tocopherol,UV Transmitted,18,4.0750658325,4,0.6277775064887725
beta.tocopherol,UV Transmitted,19,1.8901244626666667,3,0.24717654843644488
beta.tocopherol,UV Transmitted,2,4.199638906,3,0.5392233279921221
beta.tocopherol,UV Transmitted,20,4.990661012666667,3,1.9005300653326274
beta.tocopherol,UV Transmitted,3,4.076368374,3,1.3717982484646303
beta.tocopherol,UV Transmitted,4,2.553415048666667,3,0.7250146406159261
beta.tocopherol,UV Transmitted,5,3.608506364333333,3,0.3576108119470013
beta.tocopherol,UV Transmitted,6,5.636238983666667,3,2.04284962508972
beta.tocopherol,UV Transmitted,7,2.580840354666667,3,0.46799969980047146
beta.tocopherol,UV Transmitted,8,4.2343406733333335,3,0.6094487244988764
beta.tocopherol,UV Transmitted,9,5.724970493,3,2.639193067777233
beta.tocopherol,Site Reference,1,7.033155810333334,3,3.420018358026972
beta.tocopherol,Site Reference,11,3.993046678,4,0.7957095938018699
beta.tocopherol,Site Reference,12,5.715650999666667,3,1.8930433430347922
beta.tocopherol,Site Reference,13,5.259142421666667,3,3.2831251854292933
beta.tocopherol,Site Reference,14,5.576949617,3,1.8923296651317232
beta.tocopherol,Site Reference,15,6.03792155,3,0.7699066978945077
beta.tocopherol,Site Reference,16,6.309628529666667,3,1.2790207635771056
beta.tocopherol,Site Reference,17,5.685541298333334,3,3.0375335881116947
beta.tocopherol,Site Reference,18,6.38467340275,4,3.1186384104835114
beta.tocopherol,Site Reference,19,3.530004897,4,0.43392001399600977
beta.tocopherol,Site Reference,2,7.039294862666667,3,1.9984175832832087
beta.tocopherol,Site Reference,20,5.733712002,3,1.7334504067004408
beta.tocopherol,Site Reference,3,6.094308613666667,3,1.1903044079226537
beta.tocopherol,Site Reference,4,4.117350294333333,3,0.9456128558359753
beta.tocopherol,Site Reference,5,6.485637454666667,3,2.7883633593095767
beta.tocopherol,Site Reference,6,5.661170052666667,3,2.1934086158965926
beta.tocopherol,Site Reference,7,5.490529456,3,1.3629044914850583
beta.tocopherol,Site Reference,8,9.381671266666666,3,0.7473512819991021
beta.tocopherol,Site Reference,9,8.0911160005,4,2.3224047038854594
beta.tocopherol,Lab Control,L1,1.0964178476666666,3,0.08346786352224654
beta.tocopherol,Lab Control,L2,0.6208818626666667,3,0.11755052836979706
beta.tocopherol,Lab Control,L3,2.110596586333333,3,0.7594778764861368
alpha.tocopherol,UV Filtered,1,19.64068734,3,4.132505142466305
alpha.tocopherol,UV Filtered,11,16.96796329,4,7.626197564272561
alpha.tocopherol,UV Filtered,12,12.473249041666666,3,4.095786233168712
alpha.tocopherol,UV Filtered,13,12.782835073333333,3,5.234827498241334
alpha.tocopherol,UV Filtered,14,14.645237424,3,5.57653327575176
alpha.tocopherol,UV Filtered,15,16.153570226666666,3,1.3094772025810075
alpha.tocopherol,UV Filtered,16,19.550649936666666,3,7.795643228507329
alpha.tocopherol,UV Filtered,17,19.897851473333333,3,15.551577058391223
alpha.tocopherol,UV Filtered,18,12.078312145666667,3,2.3974861652943855
alpha.tocopherol,UV Filtered,19,10.790618082666667,3,1.4667882314060616
alpha.tocopherol,UV Filtered,2,22.2871338575,4,6.336448041638951
alpha.tocopherol,UV Filtered,20,16.853574466666668,3,5.425755706784884
alpha.tocopherol,UV Filtered,3,14.49192253,3,4.5952221831201845
alpha.tocopherol,UV Filtered,4,20.8051956725,4,1.8119200164304163
alpha.tocopherol,UV Filtered,5,13.816548053333333,3,4.09614209655409
alpha.tocopherol,UV Filtered,6,16.978853476666668,3,3.3564743242585617
alpha.tocopherol,UV Filtered,7,14.72014378,3,1.131427146958657
alpha.tocopherol,UV Filtered,8,21.52845981666667,3,3.8927571441962003
alpha.tocopherol,UV Filtered,9,21.400690140000002,3,9.98879214601588
alpha.tocopherol,UV Transmitted,1,24.743427163333333,3,10.138227255493241
alpha.tocopherol,UV Transmitted,11,18.050271073333334,3,7.407808263106965
alpha.tocopherol,UV Transmitted,12,9.789195041333333,3,0.31082221775068586
alpha.tocopherol,UV Transmitted,13,15.266531293333333,3,3.6606756237489813
alpha.tocopherol,UV Transmitted,14,12.043852323,3,3.049177517561386
alpha.tocopherol,UV Transmitted,15,13.724511846666667,3,4.721596720269395
alpha.tocopherol,UV Transmitted,16,12.634635346666666,3,1.652613976583896
alpha.tocopherol,UV Transmitted,17,13.756896837333333,3,3.3466152549126518
alpha.tocopherol,UV Transmitted,18,13.83509895325,4,4.899711362731773
alpha.tocopherol,UV Transmitted,19,10.642824242666666,3,1.273155781388549
alpha.tocopherol,UV Transmitted,2,17.071143516666666,3,2.983297378716678
alpha.tocopherol,UV Transmitted,20,15.454958945000001,3,7.283390093570686
alpha.tocopherol,UV Transmitted,3,13.003284778000001,3,5.45372845314496
alpha.tocopherol,UV Transmitted,4,13.707111723333334,3,3.552324628516332
alpha.tocopherol,UV Transmitted,5,14.256465423333333,3,2.1804569876625517
alpha.tocopherol,UV Transmitted,6,18.140449056666665,3,3.9222799291515185
alpha.tocopherol,UV Transmitted,7,10.459407550666667,3,2.055381206363612
alpha.tocopherol,UV Transmitted,8,16.597456176666665,3,0.7509280327069613
alpha.tocopherol,UV Transmitted,9,15.478933636666667,3,5.718349260315986
alpha.tocopherol,Site Reference,1,25.45581912,3,12.930326640534991
alpha.tocopherol,Site Reference,11,21.597691475,4,5.42027608450383
alpha.tocopherol,Site Reference,12,19.91454480333333,3,5.992908687664233
alpha.tocopherol,Site Reference,13,17.78171148,3,8.45354771634997
alpha.tocopherol,Site Reference,14,18.310832616666666,3,5.043016345644973
alpha.tocopherol,Site Reference,15,27.17509610666667,3,8.963030151014262
alpha.tocopherol,Site Reference,16,16.251783203333332,3,2.9163450106982722
alpha.tocopherol,Site Reference,17,18.007862276666668,3,10.15623979073645
alpha.tocopherol,Site Reference,18,18.78565348,4,6.6812559136782115
alpha.tocopherol,Site Reference,19,18.89719666,4,3.3512462496424007
alpha.tocopherol,Site Reference,2,19.021990226666667,3,4.382462455247941
alpha.tocopherol,Site Reference,20,15.911641866666667,3,3.412966275840617
alpha.tocopherol,Site Reference,3,21.96074656,3,5.178895866588229
alpha.tocopherol,Site Reference,4,23.226676426666668,3,6.706113294030552
alpha.tocopherol,Site Reference,5,23.19470644,3,8.598356045300456
alpha.tocopherol,Site Reference,6,19.095233623333336,3,6.7497428503729795
alpha.tocopherol,Site Reference,7,20.356239889999998,3,3.3599416784907583
alpha.tocopherol,Site Reference,8,23.138626563333332,3,1.2886140451539954
alpha.tocopherol,Site Reference,9,23.039652955,4,6.720605471846616
alpha.tocopherol,Lab Control,L1,9.117553534666666,3,0.1692325075357483
alpha.tocopherol,Lab Control,L2,6.967133669333333,3,0.29712418683828457
alpha.tocopherol,Lab Control,L3,12.582751833333333,3,3.7130642419644686
V.A.Z,UV Filtered,1,9.511105957333333,3,0.6049612060773293
V.A.Z,UV Filtered,11,9.8157120785,4,1.351681126132993
V.A.Z,UV Filtered,12,10.370585666333334,3,1.2815014936583704
V.A.Z,UV Filtered,13,8.568053905333333,3,0.7324036044692688
V.A.Z,UV Filtered,14,9.737786117333332,3,0.8289812516330175
V.A.Z,UV Filtered,15,9.735048112333333,3,0.3576511372765797
V.A.Z,UV Filtered,16,10.218424025666666,3,0.9789873056985936
V.A.Z,UV Filtered,17,10.026733532333333,3,1.5081542515899395
V.A.Z,UV Filtered,18,9.24863512,3,0.9226236689193131
V.A.Z,UV Filtered,19,9.601683696333334,3,0.5130900993553531
V.A.Z,UV Filtered,2,10.071014624250001,4,2.327271259288933
V.A.Z,UV Filtered,20,10.128462727333334,3,1.497345908541157
V.A.Z,UV Filtered,3,9.967758488000001,3,0.8015785582680269
V.A.Z,UV Filtered,4,10.29863180175,4,0.9678104429700021
V.A.Z,UV Filtered,5,10.246926834666667,3,1.2336424446966532
V.A.Z,UV Filtered,6,10.747589576333333,3,1.5645258474291428
V.A.Z,UV Filtered,7,9.940089682666667,3,0.7833771757870942
V.A.Z,UV Filtered,8,9.193502682333333,3,0.5040255477646576
V.A.Z,UV Filtered,9,12.198043773333334,3,1.495807475342267
V.A.Z,UV Transmitted,1,11.615385663333333,3,0.5360633722810474
V.A.Z,UV Transmitted,11,8.24733899,3,0.6654219856560862
V.A.Z,UV Transmitted,12,9.879577731666666,3,0.3588496314351755
V.A.Z,UV Transmitted,13,9.372345313666667,3,1.3088525394187782
V.A.Z,UV Transmitted,14,9.402125633333334,3,1.2356572666220655
V.A.Z,UV Transmitted,15,9.357193197666666,3,0.7668026849910987
V.A.Z,UV Transmitted,16,9.248799392,3,0.5168304381901707
V.A.Z,UV Transmitted,17,8.500967166333334,3,0.7087409501746618
V.A.Z,UV Transmitted,18,9.76863381675,4,0.48942734590031783
V.A.Z,UV Transmitted,19,9.014665544666666,3,0.4428694226449258
V.A.Z,UV Transmitted,2,9.239823882,3,0.28676220177652617
V.A.Z,UV Transmitted,20,9.053502753333333,3,0.8578442693521867
V.A.Z,UV Transmitted,3,9.827217425666667,3,1.1763779978669275
V.A.Z,UV Transmitted,4,8.795315107333334,3,0.6474167727010794
V.A.Z,UV Transmitted,5,8.365520859333333,3,0.40420033232521563
V.A.Z,UV Transmitted,6,10.129047904666667,3,2.115452383721941
V.A.Z,UV Transmitted,7,8.836726955333333,3,0.9575812771141025
V.A.Z,UV Transmitted,8,9.800909753000001,3,0.7310869829707313
V.A.Z,UV Transmitted,9,11.656933133333334,3,1.0535660334537122
V.A.Z,Site Reference,1,10.48247243,3,0.217823388487083
V.A.Z,Site Reference,11,10.6415918375,4,0.8275960249404266
V.A.Z,Site Reference,12,10.566167662,3,1.0393851566521566
V.A.Z,Site Reference,13,10.428646726,3,0.4623822668569309
V.A.Z,Site Reference,14,11.602297803333334,3,0.9105420113599397
V.A.Z,Site Reference,15,10.748108546666666,3,0.4899440999669906
V.A.Z,Site Reference,16,9.788362840333333,3,0.2140011227779429
V.A.Z,Site Reference,17,9.442246942666667,3,0.1396466303120446
V.A.Z,Site Reference,18,10.44634068475,4,0.9328135780557198
V.A.Z,Site Reference,19,9.001795471,4,0.9068596552730408
V.A.Z,Site Reference,2,11.971313456666667,3,1.4212671072600849
V.A.Z,Site Reference,20,10.363075407333334,3,0.7883700954372507
V.A.Z,Site Reference,3,11.053164266666666,3,0.5407943801843361
V.A.Z,Site Reference,4,8.450657547333332,3,0.6143386488600946
V.A.Z,Site Reference,5,9.742650066666666,3,0.6107188120338274
V.A.Z,Site Reference,6,11.140085196666666,3,1.0549350395733235
V.A.Z,Site Reference,7,8.632908093000001,3,3.156020328905659
V.A.Z,Site Reference,8,13.78013327,3,0.10124163048128523
V.A.Z,Site Reference,9,12.5741778575,4,0.9536366598008083
V.A.Z,Lab Control,L1,7.0682932990000005,3,0.32073740505474074
V.A.Z,Lab Control,L2,6.945644421333333,3,0.6741898382099577
V.A.Z,Lab Control,L3,8.486552200333334,3,0.8224388000518353
total.carotenoids,UV Filtered,1,42.86443744,3,3.3845951617524443
total.carotenoids,UV Filtered,11,44.181864865,4,7.592541035997011
total.carotenoids,UV Filtered,12,46.01462351,3,5.601098761452214
total.carotenoids,UV Filtered,13,40.317828803333335,3,3.0772177502353504
total.carotenoids,UV Filtered,14,45.06198917333334,3,5.325845630278039
total.carotenoids,UV Filtered,15,43.896107623333336,3,2.319483554002609
total.carotenoids,UV Filtered,16,47.860785293333336,3,5.402530446789429
total.carotenoids,UV Filtered,17,47.48419700666667,3,9.537749712230102
total.carotenoids,UV Filtered,18,40.27135721333333,3,1.953458010396606
total.carotenoids,UV Filtered,19,40.33196194666667,3,2.9037274905497483
total.carotenoids,UV Filtered,2,48.1558734125,4,4.6082536188373915
total.carotenoids,UV Filtered,20,46.55449402666667,3,5.2653939442157895
total.carotenoids,UV Filtered,3,43.51069599666667,3,4.3304575802191
total.carotenoids,UV Filtered,4,45.311799885,4,2.937511892245822
total.carotenoids,UV Filtered,5,46.1975099,3,4.034473072904081
total.carotenoids,UV Filtered,6,44.10058985,3,2.3614108553945887
total.carotenoids,UV Filtered,7,45.67220856,3,2.310450464626116
total.carotenoids,UV Filtered,8,41.5579344,3,1.0567226773358624
total.carotenoids,UV Filtered,9,49.18771731333333,3,6.210198176443498
total.carotenoids,UV Transmitted,1,47.96376796,3,4.67327408163642
total.carotenoids,UV Transmitted,11,43.15218800666666,3,6.906104884397708
total.carotenoids,UV Transmitted,12,43.57210525,3,1.6190558856743278
total.carotenoids,UV Transmitted,13,44.801094406666664,3,5.873685696608324
total.carotenoids,UV Transmitted,14,45.74485574,3,5.548841146785774
total.carotenoids,UV Transmitted,15,41.61421764333333,3,4.317177917831419
total.carotenoids,UV Transmitted,16,45.18495793666667,3,1.4967564141440537
total.carotenoids,UV Transmitted,17,43.89112999333334,3,3.542258322764559
total.carotenoids,UV Transmitted,18,45.149430925,4,4.591284431141902
total.carotenoids,UV Transmitted,19,41.30074441666667,3,2.563141057498846
total.carotenoids,UV Transmitted,2,45.2615006,3,3.154829050702472
total.carotenoids,UV Transmitted,20,45.45570297333333,3,6.737451314099521
total.carotenoids,UV Transmitted,3,41.52613365333333,3,6.382457005213392
total.carotenoids,UV Transmitted,4,40.59360293333334,3,3.6848542959321153
total.carotenoids,UV Transmitted,5,43.73279142333333,3,2.8550413876068563
total.carotenoids,UV Transmitted,6,45.04358707,3,4.5266806462235865
total.carotenoids,UV Transmitted,7,39.72657907,3,4.396961959737106
total.carotenoids,UV Transmitted,8,41.39361989333334,3,1.0403394125431202
total.carotenoids,UV Transmitted,9,45.336146703333334,3,4.12813442096704
total.carotenoids,Site Reference,1,51.336548910000005,3,7.709637665079773
total.carotenoids,Site Reference,11,49.8074982525,4,4.431611675315138
total.carotenoids,Site Reference,12,53.500211476666664,3,4.613943802092139
total.carotenoids,Site Reference,13,49.389319453333336,3,6.445195881957845
total.carotenoids,Site Reference,14,49.38370057,3,5.319850857548213
total.carotenoids,Site Reference,15,47.648073436666664,3,8.297140155974462
total.carotenoids,Site Reference,16,48.26605969333333,3,3.0019137479975133
total.carotenoids,Site Reference,17,48.57641019333333,3,8.860701144088733
total.carotenoids,Site Reference,18,49.67918913,4,5.158887107941184
total.carotenoids,Site Reference,19,45.705726105,4,0.4775940000398032
total.carotenoids,Site Reference,2,48.970292406666665,3,3.8952230010992785
total.carotenoids,Site Reference,20,47.15617381,3,3.2098597725660483
total.carotenoids,Site Reference,3,49.21814485666667,3,4.279022228817213
total.carotenoids,Site Reference,4,48.11009967333333,3,4.629344125721498
total.carotenoids,Site Reference,5,51.17670891666667,3,5.688425045484476
total.carotenoids,Site Reference,6,47.92450802,3,5.0971524870690965
total.carotenoids,Site Reference,7,40.50901130333334,3,15.866261998869716
total.carotenoids,Site Reference,8,47.207944356666665,3,0.5995762641273209
total.carotenoids,Site Reference,9,50.2002883775,4,5.2965739058425845
total.carotenoids,Lab Control,L1,39.53241435333333,3,0.7592634513042322
total.carotenoids,Lab Control,L2,36.04996190333333,3,0.6496117447959577
total.carotenoids,Lab Control,L3,40.19363819666667,3,3.7700665338115606
total.chlorophylls,UV Filtered,1,57.13556256,3,3.3845951617524443
total.chlorophylls,UV Filtered,11,55.818135135,4,7.592541035997011
total.chlorophylls,UV Filtered,12,53.98537649,3,5.601098761452214
total.chlorophylls,UV Filtered,13,59.682171196666665,3,3.0772177502353504
total.chlorophylls,UV Filtered,14,54.93801082666666,3,5.325845630278039
total.chlorophylls,UV Filtered,15,56.103892376666664,3,2.319483554002609
total.chlorophylls,UV Filtered,16,52.139214706666664,3,5.402530446789429
total.chlorophylls,UV Filtered,17,52.51580299333333,3,9.537749712230102
total.chlorophylls,UV Filtered,18,59.72864278666667,3,1.953458010396606
total.chlorophylls,UV Filtered,19,59.66803805333333,3,2.9037274905497483
total.chlorophylls,UV Filtered,2,51.8441265875,4,4.6082536188373915
total.chlorophylls,UV Filtered,20,53.44550597333333,3,5.2653939442157895
total.chlorophylls,UV Filtered,3,56.48930400333333,3,4.3304575802191
total.chlorophylls,UV Filtered,4,54.688200115,4,2.937511892245822
total.chlorophylls,UV Filtered,5,53.8024901,3,4.034473072904081
total.chlorophylls,UV Filtered,6,55.89941015,3,2.3614108553945887
total.chlorophylls,UV Filtered,7,54.32779144,3,2.310450464626116
total.chlorophylls,UV Filtered,8,58.4420656,3,1.0567226773358624
total.chlorophylls,UV Filtered,9,50.81228268666667,3,6.210198176443498
total.chlorophylls,UV Transmitted,1,52.03623204,3,4.67327408163642
total.chlorophylls,UV Transmitted,11,56.84781199333334,3,6.906104884397708
total.chlorophylls,UV Transmitted,12,56.42789475,3,1.6190558856743278
total.chlorophylls,UV Transmitted,13,55.198905593333336,3,5.873685696608324
total.chlorophylls,UV Transmitted,14,54.25514426,3,5.548841146785774
total.chlorophylls,UV Transmitted,15,58.38578235666667,3,4.317177917831419
total.chlorophylls,UV Transmitted,16,54.81504206333333,3,1.4967564141440537
total.chlorophylls,UV Transmitted,17,56.10887000666666,3,3.542258322764559
total.chlorophylls,UV Transmitted,18,54.850569075,4,4.591284431141902
total.chlorophylls,UV Transmitted,19,58.69925558333333,3,2.563141057498846
total.chlorophylls,UV Transmitted,2,54.7384994,3,3.154829050702472
total.chlorophylls,UV Transmitted,20,54.54429702666667,3,6.737451314099521
total.chlorophylls,UV Transmitted,3,58.47386634666667,3,6.382457005213392
total.chlorophylls,UV Transmitted,4,59.40639706666666,3,3.6848542959321153
total.chlorophylls,UV Transmitted,5,56.26720857666667,3,2.8550413876068563
total.chlorophylls,UV Transmitted,6,54.95641293,3,4.5266806462235865
total.chlorophylls,UV Transmitted,7,60.27342093,3,4.396961959737106
total.chlorophylls,UV Transmitted,8,58.60638010666666,3,1.0403394125431202
total.chlorophylls,UV Transmitted,9,54.663853296666666,3,4.12813442096704
total.chlorophylls,Site Reference,1,48.663451089999995,3,7.709637665079773
total.chlorophylls,Site Reference,11,50.1925017475,4,4.431611675315138
total.chlorophylls,Site Reference,12,46.499788523333336,3,4.613943802092139
total.chlorophylls,Site Reference,13,50.610680546666664,3,6.445195881957845
total.chlorophylls,Site Reference,14,50.61629943,3,5.319850857548213
total.chlorophylls,Site Reference,15,52.351926563333336,3,8.297140155974462
total.chlorophylls,Site Reference,16,51.73394030666667,3,3.0019137479975133
total.chlorophylls,Site Reference,17,51.42358980666667,3,8.860701144088733
total.chlorophylls,Site Reference,18,50.32081087,4,5.158887107941184
total.chlorophylls,Site Reference,19,54.294273895,4,0.4775940000398032
total.chlorophylls,Site Reference,2,51.029707593333335,3,3.8952230010992785
total.chlorophylls,Site Reference,20,52.84382619,3,3.2098597725660483
total.chlorophylls,Site Reference,3,50.78185514333333,3,4.279022228817213
total.chlorophylls,Site Reference,4,51.88990032666667,3,4.629344125721498
total.chlorophylls,Site Reference,5,48.82329108333333,3,5.688425045484476
total.chlorophylls,Site Reference,6,52.07549198,3,5.0971524870690965
total.chlorophylls,Site Reference,7,41.925562793333334,3,14.717348076362345
total.chlorophylls,Site Reference,8,52.792055643333335,3,0.5995762641273209
total.chlorophylls,Site Reference,9,49.7997116225,4,5.2965739058425845
total.chlorophylls,Lab Control,L1,60.46758564666667,3,0.7592634513042322
total.chlorophylls,Lab Control,L2,63.95003809666667,3,0.6496117447959577
total.chlorophylls,Lab Control,L3,59.80636180333333,3,3.7700665338115606
total.tocopherols,UV Filtered,1,78.76748240333333,3,1.2423232526515464
total.tocopherols,UV Filtered,11,82.28406845,4,1.1837260078341558
total.tocopherols,UV Filtered,12,70.50675336333333,3,1.3601327907428378
total.tocopherols,UV Filtered,13,72.01183275333334,3,5.871627568190831
total.tocopherols,UV Filtered,14,73.27421437666666,3,2.9272263817603723
total.tocopherols,UV Filtered,15,80.60153032333334,3,1.2014511969869377
total.tocopherols,UV Filtered,16,70.66380819666666,3,2.09269015682206
total.tocopherols,UV Filtered,17,73.31091329,3,0.9717864674940819
total.tocopherols,UV Filtered,18,73.84877448333333,3,0.30049338217436233
total.tocopherols,UV Filtered,19,80.83240652666667,3,0.7629210739882882
total.tocopherols,UV Filtered,2,76.471505835,4,7.33715598131022
total.tocopherols,UV Filtered,20,72.08201074,3,2.5946702022827544
total.tocopherols,UV Filtered,3,72.62665578000001,3,3.5226227248636817
total.tocopherols,UV Filtered,4,77.64019291,4,1.8684325626620915
total.tocopherols,UV Filtered,5,70.86547031,3,2.5473577070408537
total.tocopherols,UV Filtered,6,74.79845817,3,3.0287119299731673
total.tocopherols,UV Filtered,7,69.77467893666666,3,3.695279323536667
total.tocopherols,UV Filtered,8,81.10735488666667,3,4.169999344365632
total.tocopherols,UV Filtered,9,71.37004177,3,1.083513039216071
total.tocopherols,UV Transmitted,1,73.42015656,3,2.3443819532164496
total.tocopherols,UV Transmitted,11,88.0053264,3,0.11753682980677525
total.tocopherols,UV Transmitted,12,71.16704857666667,3,3.1208483050256977
total.tocopherols,UV Transmitted,13,80.58196878,3,4.675774315978279
total.tocopherols,UV Transmitted,14,73.4318325,3,5.342524118294115
total.tocopherols,UV Transmitted,15,84.10722541999999,3,0.813526357609465
total.tocopherols,UV Transmitted,16,72.55127525333333,3,1.6778312874570636
total.tocopherols,UV Transmitted,17,73.93868244333333,3,12.63962173896056
total.tocopherols,UV Transmitted,18,76.51142355,4,3.228357573733037
total.tocopherols,UV Transmitted,19,84.93091419333334,3,0.29656725509308396
total.tocopherols,UV Transmitted,2,80.17041769666666,3,0.7779767275854045
total.tocopherols,UV Transmitted,20,75.13089453,3,1.5370950344635126
total.tocopherols,UV Transmitted,3,75.76888893333333,3,1.3841231095221946
total.tocopherols,UV Transmitted,4,84.34371551333334,3,0.4586948616365567
total.tocopherols,UV Transmitted,5,79.70327935,3,1.4783310477462015
total.tocopherols,UV Transmitted,6,76.62618546,3,3.2080129486464948
total.tocopherols,UV Transmitted,7,80.18014541333334,3,0.23215334026049833
total.tocopherols,UV Transmitted,8,79.72479054333333,3,2.1310027816784487
total.tocopherols,UV Transmitted,9,73.45476172000001,3,1.7333509562439036
total.tocopherols,Site Reference,1,78.24301592333333,3,0.37244648969279903
total.tocopherols,Site Reference,11,84.24701928249999,4,0.9460251338401167
total.tocopherols,Site Reference,12,77.80552772333333,3,0.6308980483903208
total.tocopherols,Site Reference,13,77.89332773,3,3.193458507344319
total.tocopherols,Site Reference,14,76.83849135666667,3,1.476680033610483
total.tocopherols,Site Reference,15,81.06006540666667,3,3.897853149886418
total.tocopherols,Site Reference,16,72.0868881,3,0.4456418275698204
total.tocopherols,Site Reference,17,75.73657125666666,3,1.9351606656591174
total.tocopherols,Site Reference,18,75.24511729,4,2.8464884111380333
total.tocopherols,Site Reference,19,84.134861265,4,1.40196007993291
total.tocopherols,Site Reference,2,73.16108726,3,1.1206448870153156
total.tocopherols,Site Reference,20,73.72814722666666,3,2.1290441099175577
total.tocopherols,Site Reference,3,78.16611969333333,3,0.7831184419798772
total.tocopherols,Site Reference,4,84.76666678000001,3,0.9495002080267639
total.tocopherols,Site Reference,5,78.35546161666667,3,1.8469496008088575
total.tocopherols,Site Reference,6,77.24917486666666,3,1.109349583807783
total.tocopherols,Site Reference,7,78.90850476333333,3,1.9415045171586363
total.tocopherols,Site Reference,8,71.1542182,3,1.6488191321733714
total.tocopherols,Site Reference,9,73.9384415375,4,0.8065290889815272
total.tocopherols,Lab Control,L1,89.2718841,3,0.6349402419892892
total.tocopherols,Lab Control,L2,91.81650534666667,3,1.506006104977384
total.tocopherols,Lab Control,L3,85.75849901666666,3,1.5817544267057988
chl.ab.ratio,UV Filtered,1,3.056543056459773,3,0.48883452441842945
chl.ab.ratio,UV Filtered,11,3.2834497355758,4,0.6491760641984122
chl.ab.ratio,UV Filtered,12,3.652703828047708,3,0.5870093343599649
chl.ab.ratio,UV Filtered,13,3.5622159265372266,3,0.9047763594002813
chl.ab.ratio,UV Filtered,14,2.9850384427903456,3,0.28781794887326523
chl.ab.ratio,UV Filtered,15,4.967602271264856,3,1.997436819226756
chl.ab.ratio,UV Filtered,16,3.6179285095730833,3,0.26812369876402575
chl.ab.ratio,UV Filtered,17,3.324039022848012,3,0.08384511819889327
chl.ab.ratio,UV Filtered,18,3.634971011247531,3,0.24317328070480115
chl.ab.ratio,UV Filtered,19,3.257643854505256,3,0.19371174255634557
chl.ab.ratio,UV Filtered,2,3.456409249931226,4,0.9164885345913029
chl.ab.ratio,UV Filtered,20,3.381815159524006,3,0.4257208365593711
chl.ab.ratio,UV Filtered,3,3.6425452949870882,3,0.6169275085720671
chl.ab.ratio,UV Filtered,4,3.221495190953812,4,0.6927613143481973
chl.ab.ratio,UV Filtered,5,3.585757474213544,3,0.25449233642225605
chl.ab.ratio,UV Filtered,6,3.457040683069244,3,0.09912548954939754
chl.ab.ratio,UV Filtered,7,3.064551668136921,3,0.30010377494523277
chl.ab.ratio,UV Filtered,8,2.253989053230132,3,0.07972888699103783
chl.ab.ratio,UV Filtered,9,3.822016451974009,3,0.7325383657952658
chl.ab.ratio,UV Transmitted,1,3.3736636167667777,3,0.4692056836919413
chl.ab.ratio,UV Transmitted,11,3.115703710776233,3,0.280663370454301
chl.ab.ratio,UV Transmitted,12,3.3838214010230834,3,0.3369597181368473
chl.ab.ratio,UV Transmitted,13,3.000570805285487,3,0.26352760860199936
chl.ab.ratio,UV Transmitted,14,3.499330960578755,3,0.3893533185581098
chl.ab.ratio,UV Transmitted,15,3.0560062692821286,3,0.3500149260031112
chl.ab.ratio,UV Transmitted,16,3.375959019080483,3,0.10191113979493235
chl.ab.ratio,UV Transmitted,17,3.177510146640934,3,0.2406320887986042
chl.ab.ratio,UV Transmitted,18,3.5934993665615718,4,0.39492766158546727
chl.ab.ratio,UV Transmitted,19,3.4303351868240988,3,0.07477911327454573
chl.ab.ratio,UV Transmitted,2,3.022164602768373,3,0.42998274292923244
chl.ab.ratio,UV Transmitted,20,3.0477148673086676,3,0.26274343135590744
chl.ab.ratio,UV Transmitted,3,3.1696391563921167,3,0.07573155491826127
chl.ab.ratio,UV Transmitted,4,3.124949203436747,3,0.3228290110935677
chl.ab.ratio,UV Transmitted,5,3.0416154139661224,3,0.3176997008763219
chl.ab.ratio,UV Transmitted,6,2.8511179695585613,3,0.4609425563012534
chl.ab.ratio,UV Transmitted,7,2.955561030962649,3,0.4746021525413717
chl.ab.ratio,UV Transmitted,8,2.277155220211549,3,0.09287334130343744
chl.ab.ratio,UV Transmitted,9,3.576966912210189,3,0.3471242727089672
chl.ab.ratio,Site Reference,1,3.622679325553088,3,0.4144493112516068
chl.ab.ratio,Site Reference,11,3.7659824858216204,4,0.7311077478916461
chl.ab.ratio,Site Reference,12,4.285051887270483,3,0.318139733174083
chl.ab.ratio,Site Reference,13,3.597808278362583,3,0.2660912929239282
chl.ab.ratio,Site Reference,14,4.075931780371542,3,0.5199480212158458
chl.ab.ratio,Site Reference,15,3.7254833659215705,3,0.2017541014162329
chl.ab.ratio,Site Reference,16,3.4865981473440972,3,0.286221908011485
chl.ab.ratio,Site Reference,17,3.787054397519357,3,0.6038908992805402
chl.ab.ratio,Site Reference,18,3.8376046813767974,4,0.6133633678138377
chl.ab.ratio,Site Reference,19,3.5711741675406223,4,0.14283609919603116
chl.ab.ratio,Site Reference,2,3.685485057048525,3,0.1550754343527186
chl.ab.ratio,Site Reference,20,4.102807605264897,3,0.6592915923039296
chl.ab.ratio,Site Reference,3,3.490203658539561,3,0.5278424394747872
chl.ab.ratio,Site Reference,4,4.969565347000438,3,2.9972363661508274
chl.ab.ratio,Site Reference,5,3.830168408401384,3,0.28424036309012923
chl.ab.ratio,Site Reference,6,3.2994254270308216,3,0.2775525722311842
chl.ab.ratio,Site Reference,7,3.8376818391417036,3,0.4315894032109543
chl.ab.ratio,Site Reference,8,2.9554844120629973,3,0.07659044913720611
chl.ab.ratio,Site Reference,9,3.7875797109594207,4,0.9170883325184346
chl.ab.ratio,Lab Control,L1,2.2414705008486986,3,0.026676432187434252
chl.ab.ratio,Lab Control,L2,2.361356608319742,3,0.11228784387512997
chl.ab.ratio,Lab Control,L3,2.2901530124408165,3,0.12010259235747993
